"scientific_name","family","1921","1922","1923","1925","1926","1928","1930","1934","1935","1991","1932","1945","1958","1968","1984","1995","2011","2014","2018","1933","1929","1979","1993","2015","2016","2017","1924","1914","1941","1942","1944","1952","1954","1957","1938","1943","1947","1950","1989","1905","1948","1960","1946","1937","1955","1956","1980","1908","1913","1927","1936","1940","1949","1951","1959","1961","1964","1982","1902","1931","1953","1983","2008","2009","1916","1966","1974","1912","1981","1994","1907","1920","1903","1963","1965","1969","1970","1977","1988","1992","1997","2013","1976","1978","1985","1987","1917","1918","1939","1990","1910","1906","1915","1962","1973","1900","1904","1909","1919","1971","1972","2005","2007","1911","1975","2006","2003","1996","2012"
"Agapostemon sericeus","Halictidae","1","1","1","1","1","1","1","1","1","1",,,,,,,,,,,,,,,,,,,,,,,,,,,,,,,,,,,,,,,,,,,,,,,,,,,,,,,,,,,,,,,,,,,,,,,,,,,,,,,,,,,,,,,,,,,,,,,,,,,
"Agapostemon splendens","Halictidae","1",,"1","1",,,,,,"1","1","1","1","1","1","1","1","1","1",,,,,,,,,,,,,,,,,,,,,,,,,,,,,,,,,,,,,,,,,,,,,,,,,,,,,,,,,,,,,,,,,,,,,,,,,,,,,,,,,,,,,,,,,,
"Agapostemon texanus","Halictidae",,,,,,,,,,,"1",,,,,"1",,,,"1",,,,,,,,,,,,,,,,,,,,,,,,,,,,,,,,,,,,,,,,,,,,,,,,,,,,,,,,,,,,,,,,,,,,,,,,,,,,,,,,,,,,,,,,,
"Agapostemon virescens","Halictidae",,"1",,,,,,,,,,,,,,,,"1","1","1","1","1","1","1","1","1",,,,,,,,,,,,,,,,,,,,,,,,,,,,,,,,,,,,,,,,,,,,,,,,,,,,,,,,,,,,,,,,,,,,,,,,,,,,,,,,,,,
"Andrena aliciae","Andrenidae","1",,,,,,,,,,,,,,,,,,,,,,,,,,,,,,,,,,,,,,,,,,,,,,,,,,,,,,,,,,,,,,,,,,,,,,,,,,,,,,,,,,,,,,,,,,,,,,,,,,,,,,,,,,,,
"Andrena andrenoides","Andrenidae","1",,"1","1","1","1",,,,,,"1",,,,,,,,,"1",,,,,,"1",,,,,,,,,,,,,,,,,,,,,,,,,,,,,,,,,,,,,,,,,,,,,,,,,,,,,,,,,,,,,,,,,,,,,,,,,,,,,,,,,,
"Andrena arabis","Andrenidae",,,,,,,,,,,,"1",,,,,,,,,,,,,,,,,,,,,,,,,,,,,,,,,,,,,,,,,,,,,,,,,,,,,,,,,,,,,,,,,,,,,,,,,,,,,,,,,,,,,,,,,,,,,,,,,
"Andrena asteris","Andrenidae","1",,,,,,,,"1",,,,,,,,,,,,,,,,,,,"1","1","1","1","1",,,,,,,,,,,,,,,,,,,,,,,,,,,,,,,,,,,,,,,,,,,,,,,,,,,,,,,,,,,,,,,,,,,,,,,,,,,,,
"Andrena asteroides","Andrenidae",,,,,,,,,,,,,"1",,,,,,,,,,,,,,,,,,,,"1","1",,,,,,,,,,,,,,,,,,,,,,,,,,,,,,,,,,,,,,,,,,,,,,,,,,,,,,,,,,,,,,,,,,,,,,,,,,,
"Andrena atlantica","Andrenidae",,,,,,,,,,,,,,,,,,,,,,,,,,,"1",,,,,,,,,,,,,,,,,,,,,,,,,,,,,,,,,,,,,,,,,,,,,,,,,,,,,,,,,,,,,,,,,,,,,,,,,,,,,,,,,,
"Andrena banksi","Andrenidae",,,,,,,,,,,,,,,,,,"1",,"1",,,,"1",,,,,,,,,,,,,,,,,,,,,,,,,,,,,,,,,,,,,,,,,,,,,,,,,,,,,,,,,,,,,,,,,,,,,,,,,,,,,,,,,,,,,
"Andrena barbara","Andrenidae","1","1","1","1",,"1",,,"1",,,"1",,,,,,,,,,,,"1",,,"1","1",,,,,,,"1","1","1","1","1",,,,,,,,,,,,,,,,,,,,,,,,,,,,,,,,,,,,,,,,,,,,,,,,,,,,,,,,,,,,,,,,,,,,,,
"Andrena bisalicis","Andrenidae","1","1","1","1","1",,,"1",,,,"1",,,,,,,,,"1",,,,,,"1","1",,,,,,,,,,,,"1","1","1",,,,,,,,,,,,,,,,,,,,,,,,,,,,,,,,,,,,,,,,,,,,,,,,,,,,,,,,,,,,,,,,,,,
"Andrena bradleyi","Andrenidae",,"1","1","1",,,,,"1",,,"1",,,,,,,,,"1",,,,,,"1",,,,,,,,"1","1",,,,,,,"1",,,,,,,,,,,,,,,,,,,,,,,,,,,,,,,,,,,,,,,,,,,,,,,,,,,,,,,,,,,,,,,,,,
"Andrena carlini","Andrenidae",,,"1",,,,,,,,,,,,,,,,,,,,,,,,,,,,,,,,,,,,,,,,,,,,,,,,,,,,,,,,,,,,,,,,,,,,,,,,,,,,,,,,,,,,,,,,,,,,,,,,,,,,,,,,,,
"Andrena carolina","Andrenidae",,,,,,,,,,,,,,,,,,,,,,,,"1",,,,,,,,,,,,,,,,,,,,,,,,,,,,,,,,,,,,,,,,,,,,,,,,,,,,,,,,,,,,,,,,,,,,,,,,,,,,,,,,,,,,,
"Andrena carolinensis","Andrenidae",,,"1",,,,,,,,,,,,,,,,,,"1",,,,,,,,,,,,,,,,,,,,,,,,,,,,,,,,,,,,,,,,,,,,,,,,,,,,,,,,,,,,,,,,,,,,,,,,,,,,,,,,,,,,,,,,
"Andrena confederata","Andrenidae",,,"1",,"1",,,"1",,,,,,,,,,,,,,,,,,,,,,,,,"1","1",,,,,,,,"1",,"1","1","1","1",,,,,,,,,,,,,,,,,,,,,,,,,,,,,,,,,,,,,,,,,,,,,,,,,,,,,,,,,,,,,,
"Andrena cornelli","Andrenidae",,,"1","1",,,,,,,,,,,,,,,,,,,,"1",,,,"1",,,,,,,,,,,,,,,,,,,,,,,,,,,,,,,,,,,,,,,,,,,,,,,,,,,,,,,,,,,,,,,,,,,,,,,,,,,,,,,,,
"Andrena cressonii","Andrenidae","1","1","1","1","1","1","1","1","1",,,"1",,,,,,"1",,"1","1",,,,,,"1",,"1","1","1",,"1",,"1","1","1","1",,,"1",,,,"1",,,"1","1","1","1","1","1","1","1","1","1","1",,,,,,,,,,,,,,,,,,,,,,,,,,,,,,,,,,,,,,,,,,,,,,,,,,,
"Andrena dunningi","Andrenidae",,,,,,,,,,,,"1",,,,,,,,,,,,,,,,"1",,,,,,,,,,,,,,,,,,,,,,,,,,,,,,,,,,,,,,,,,,,,,,,,,,,,,,,,,,,,,,,,,,,,,,,,,,,,,,,,,
"Andrena erigeniae","Andrenidae",,,"1",,,,,,,,,,,,,,,,,,,,,,,,"1",,,,,,,,,,,,,,,,,,,,,,,,,,,,,,,,,,,,,,,,,,,,,,,,,,,,,,,,,,,,,,,,,,,,,,,,,,,,,,,,,,
"Andrena erythrogaster","Andrenidae","1",,"1","1","1","1","1",,,,,"1",,,,,,,,,"1",,,,,,"1","1","1","1",,,"1",,,,,,,,"1",,,,,,,,,,,,,,,,,,"1",,,,,,,,,,,,,,,,,,,,,,,,,,,,,,,,,,,,,,,,,,,,,,,,,,
"Andrena fenningeri","Andrenidae","1",,,"1","1",,,,,,,"1",,,,,,,,,,,,,,,,,"1",,,,,"1","1",,,"1",,,,,"1",,,,,,,,,"1",,,"1","1",,,,,,,,,,,,,,,,,,,,,,,,,,,,,,,,,,,,,,,,,,,,,,,,,,,,,
"Andrena forbesii","Andrenidae","1","1","1","1","1","1","1",,"1",,"1","1","1",,,,,,,,,,,,,,"1",,,"1",,"1","1","1","1",,,"1",,,"1",,"1",,"1","1",,,,,"1","1",,"1",,,,,,"1","1",,,,,,,,,,,,,,,,,,,,,,,,,,,,,,,,,,,,,,,,,,,,,,,,
"Andrena fragilis","Andrenidae","1","1","1",,,,,,,,,"1",,,,,,,,,"1",,,,,,,,,,,,,,"1","1",,"1",,,,,,,"1",,,,,,,"1",,,,,,,,,,,,,,,,,,,,,,,,,,,,,,,,,,,,,,,,,,,,,,,,,,,,,,,,,
"Andrena fulvipennis","Andrenidae",,,,,,,,,,,,"1","1",,,,,,,,,,,,,,,,,,,,"1",,,,,,,,,,,,,,,,,,,,,,,,,,,,,,,,,,,,,,,,,,,,,,,,,,,,,,,,,,,,,,,,,,,,,,,,,,,,
"Andrena gardineri","Andrenidae","1","1",,"1",,"1",,,,,"1",,,,,,,,,"1",,,,,,,"1",,,"1",,,,"1",,,,,,,,"1",,"1","1",,,,,,,"1",,,"1","1",,,,,,"1","1",,,,,,,,,,,,,,,,,,,,,,,,,,,,,,,,,,,,,,,,,,,,,,
"Andrena heraclei","Andrenidae",,,,,"1",,,,,,,,,,,,,,,,,,,,,,,,,,,,,,,,,,,,,,,,,,,,,,,,,,,,,,,,,,,,,,,,,,,,,,,,,,,,,,,,,,,,,,,,,,,,,,,,,,,,,,,,
"Andrena hilaris","Andrenidae",,"1","1","1",,"1",,,,,"1","1",,,,,,"1",,"1","1",,,,,,,,,,,,,,,,,,,,,,,"1",,,,,,,,,,,,,,,,,,,,,,,,,,,,,,,,,,,,,,,,,,,,,,,,,,,,,,,,,,,,,,,,,
"Andrena hippotes","Andrenidae","1",,"1",,,"1",,"1",,,,"1",,,,,,,,"1","1",,,,,,,,,,,,,,,,,,,,"1",,,,,,,,,,,,,"1",,,,,,,,,,,,,,,,,,,,,,,,,,,,,,,,,,,,,,,,,,,,,,,,,,,,,,,
"Andrena ilicis","Andrenidae",,,,,,,,,,,,,,,,,,,,,,,,,,,"1",,"1",,,,,,,,,,,,,,,,,,,,,,,"1",,,,,,,,,,,,,,,,,,,,,,,,,,,,,,,,,,,,,,,,,,,,,,,,,,,,,,,,,
"Andrena illini","Andrenidae",,,,,,,,,,,,"1",,,,,,,,,,,,"1",,,"1",,,,,,,,,,,,,,,,,,,,,,,,,,,,,,,,,,,,,,,,,,,,,,,,,,,,,,,,,,,,,,,,,,,,,,,,,,,,,,,,,,
"Andrena imitatrix","Andrenidae","1","1","1","1","1","1",,"1",,,"1","1","1",,,,,,,,"1",,,,,,,,,"1","1",,,,"1","1","1",,,,"1","1",,,"1","1",,,"1",,,,,,"1","1",,,,"1","1",,"1","1",,,,,,,,,,,,,,,,,,,,,,,,,,,,,,,,,,,,,,,,,,,,,
"Andrena krigiana","Andrenidae",,,,,,,,"1",,,,,,,,,,,,,,,,,,,,,"1",,,,,,,,,,,,,,,,,,,,,,,,,,,,,,,,,,,,,,,,,,,,,,,,,,,,,,,,,,,,,,,,,,,,,,,,,,,,,,,,
"Andrena macoupinensis","Andrenidae",,,"1","1","1",,,"1","1",,,"1",,,,,,,,"1","1",,,,,,"1","1","1","1",,"1",,,,,,,,,,,"1",,,,,,,,,,,,,,,,,,,,,,"1",,,,,,,,,,,,,,,,,,,,,,,,,,,,,,,,,,,,,,,,,,,,
"Andrena macra","Andrenidae",,,,"1",,,,,"1",,,"1",,,,,,"1",,,,,,"1",,,,,,"1","1",,"1","1",,,,"1",,,,"1","1",,"1","1",,,,,,"1",,"1","1",,,,,,,,,"1",,"1",,,,,,,,,,,,,,,,,,,,,,,,,,,,,,,,,,,,,,,,,,,
"Andrena mariae","Andrenidae","1",,,,,,,,,,,"1",,,,,,,,,"1",,,,,,"1","1",,,,,,,,,,,,,,,,,,,,,,,,,,,,,,,,,,,,,,,,,,,,,,,,,,,,,,,,,,,,,,,,,,,,,,,,,,,,,,,,,
"Andrena melanochroa","Andrenidae",,,,,,,,,,,,"1",,,,,,,,,"1",,,,,,,,,,,,,,,,,,,,,,,,,,,,,,,,,,,,,,,,,,,,,,,,,,,,,,,,,,,,,,,,,,,,,,,,,,,,,,,,,,,,,,,,
"Andrena mendica","Andrenidae",,,,,,,,,,,,,,,,,,,,,,,,,,,,,,,,,,"1",,,,,,,,"1",,,,,,,,,,,,,,,,,,,,,,,,,,,,,,,,,,,,,,,,,,,,,,,,,,,,,,,,,,,,,,,,,,,
"Andrena miserabilis","Andrenidae","1","1","1","1",,"1",,"1",,,,"1","1",,"1",,,,,,"1",,,,,,"1","1","1","1",,"1","1","1","1","1","1","1",,,"1","1","1",,"1","1",,"1",,,,"1","1",,"1","1",,"1",,,"1",,,,,,"1",,,,,,,,,,,,,,,,,,,,,,,,,,,,,,,,,,,,,,,,,,
"Andrena morrisonella","Andrenidae",,,,,,,,,,,,,,,,,,,,,,,,,,,,,,,,,,,,,,,,,,,,,,,,,,"1",,,,,,,,,,,,,,,,,,,,,,,,,,,,,,,,,,,,,,,,,,,,,,,,,,,,,,,,,,,
"Andrena nasonii","Andrenidae",,"1","1","1",,,,"1",,,,"1",,,,,,,,,,,,"1",,,"1",,,"1",,,"1","1","1",,,,,,"1",,"1",,"1","1",,,,"1",,,,"1",,,,,,,"1",,,,,,,,,,,,,,,,,,,,,,,,,,,,,,,,,,,,,,,,,,,,,,,,
"Andrena nida","Andrenidae",,,,"1",,,,,,,,"1",,,,,,,,,,,,,,,"1",,,,,,,,,,,,,,,,,,,,,,,,,,,,"1",,,,,,,,,,,,,,,,,,,,,,,,,,,,,,,,,,,,,,,,,,,,,,,,,,,,,,
"Andrena nigrae","Andrenidae",,,"1",,,"1",,,,,,,,,,,,,,,"1",,,,,,"1",,,,"1",,,,,,,,,"1",,,,,"1",,,,,,,,,,,,"1",,,,,,,,,,,,,,,,,,,,,,,,,,,,,,,,,,,,,,,,,,,,,,,,,,,,
"Andrena nubecula","Andrenidae","1",,,,,,,,,,,,,,,,,,,,,,,,,,,,,,,,,,,,,,,,,,,,,,,,,,,,,,,,,,,,,,,,,,,,,,,,,,,,,,,,,,,,,,,,,,,,,,,,,,,,,,,,,,,,
"Andrena nuda","Andrenidae","1",,"1","1",,,,"1",,,"1","1",,,,,,,,,,,,,,,"1",,,"1",,,,"1","1",,,,,,,,"1",,,"1",,,,,,,"1",,,,,,,,,,,,,,,,,,,,,,,,,,,,,,,,,,,,,,,,,,,,,,,,,,,,,,,,
"Andrena perplexa","Andrenidae","1","1","1","1","1",,,"1","1",,,"1",,,,,,"1",,"1",,"1",,"1",,"1","1",,,,,,"1","1",,"1",,,,,"1","1","1","1","1","1",,"1","1","1","1","1",,"1",,,,,,,"1",,,"1",,,,,,,,,,,,,,,,,,,,,,,,,,,,,,,,,,,,,,,,,,,,,
"Andrena personata","Andrenidae",,,,,,,,,,,,"1",,,,,,,,,,,,"1",,"1",,,,,,,,,,,,"1",,,,,,,,,,,,,,,,,,"1",,,,,,,,"1",,,,,,,,,,,,,,,,,,,,,,,,,,,,,,,,,,,,,,,,,,,,,
"Andrena robertsonii","Andrenidae",,,,,,,,,,,,,,,,,,,,,,,,,,,,,,,,,,,,,,,,,,,,,"1",,,,,,,,,,,,,,,,,,,,,,,,,,,,,,,,,,,,,,,,,,,,,,,,,,,,,,,,,,,,,,,,
"Andrena rubi","Andrenidae",,,,,,,,,,,,,,,,,,,,,,,,,,,,,,,,,,,,,,,,,,,,,,,,,,,,,,,,,,,,,,,,"1",,,,,,,,,,,,,,,,,,,,,,,,,,,,,,,,,,,,,,,,,,,,,
"Andrena rugosa","Andrenidae",,,,,,,,,,,,"1",,,,,,,,,,,,,,,,,,,,,,,,,,,,,,,,,,,,,,,,,,,,,,,,,,,,,,,,,,,,,,,,,,,,,,,,,,,,,,,,,,,,,,,,,,,,,,,,,
"Andrena salictaria","Andrenidae",,,"1",,,,,,,,,"1",,,,,,,,,,,,,,,"1",,,,"1",,,,,,,,,,,,,,,,,,,,,,,"1",,,,,,,,,,,,,,,,,,,,,,,,,,,,,,,,,,,,,,,,,,,,,,,,,,,,,,,
"Andrena sayi","Andrenidae",,,,,,"1",,,,,,"1",,,,,,,,,,,,,,,,,,,,,,,,,,,,,,,,,,,,,,,,,,,,"1",,,,,,,,,,,,,,,,,,,,,,,,,,,,,,,,,,,,,,,,,,,,,,,,,,,,,
"Andrena sigmundi","Andrenidae",,,"1",,,,,,,,,,,,,,,,,,,,,,,,,,,,,,,,,,,,,,,,,,,,,,,,,,,,,,,,,,,,,,,,,,,,,,,,,,,,,,,,,,,,,,,,,,,,,,,,,,,,,,,,,,
"Andrena simplex","Andrenidae","1",,,,,,,,,,,,"1",,,,,,,,,,,,,,,,,"1",,,"1","1",,,,,,,,,,,,,,,,,,,,,,"1",,,,,,,,,,,,,,,,,,,,,,,,,,,,,,,,,,,,,,,,,,,,,,,,,,,,,
"Andrena spiraeana","Andrenidae",,,,,,,,,,,,,,,,,,,,,,,,,,,,,,,,,,,,,,,,,,"1",,,,,,,,,,,,,,,,"1",,,,,,,,,,,,,,,,,,,,,,,,,,,,,,,,,,,,,,,,,,,,,,,,,,,
"Andrena tridens","Andrenidae",,,"1",,,,,,,,,,,,,,,,,,,,,,,,,,,,,,,,,,,,,,,,,,,,,,,,,,,,,,,,,,,,,,,,,,,,,,,,,,,,,,,,,,,,,,,,,,,,,,,,,,,,,,,,,,
"Andrena vicina","Andrenidae",,,"1",,,,,,,,,,,,,,,,,,,,,,,,,,,,,,,"1",,,,,,,,,,,,,,,,,,,,,,,,,,,,,,,,,,,,,,,,,,,,,,,,,,,,,,,,,,,,,,,,,,,,,,,,,,,
"Andrena violae","Andrenidae",,"1","1","1",,,,"1",,,,"1",,,,,,,,,"1",,,,,,"1",,"1","1","1",,"1",,"1",,,,,,,"1","1",,,,,,,,,,,"1",,,,,,,,,,,,,,,,,,,,,,,,,,,,,,,,,,,,,,,,,,,,,,,,,,,,,,,
"Andrena virginiana","Andrenidae",,,,,,,,,,,,,,,,,,,,,,,,,,,"1",,,,,,,,,,,,,,,,,,,,,,,,,,,,,,,,,,,,,,,,,,,,,,,,,,,,,,,,,,,,,,,,,,,,,,,,,,,,,,,,,,
"Andrena w-scripta","Andrenidae",,,,"1",,,,,,,,,,,,,,,,,,,,,,,,,,,,,,,,,,,,,,,,,,,,,,,,,,,,,,,,,,,,,,,,,,,,,,,,,,,,,,,,,,,,,,,,,,,,,,,,,,,,,,,,,
"Andrena ziziae","Andrenidae",,,,,,,,,,,,,,,,,,"1",,,,,,,,,,,,,,,,,,,,,,,,,,,,,,,,,,,,,,,,,,,,,,,,,,,,,,,,,,,,,,,,,,,,,,,,,,,,,,,,,,,,,,,,,,,
"Andrena ziziaeformis","Andrenidae",,,,,,,,,,,,,,,,,,,,,,,,,,,,,"1",,,,,,,,,,,,,,,,,,,,,,,,,,,,,,,,,,,,,,,,,,,,,,,,,,,,,,,,,,,,,,,,,,,,,,,,,,,,,,,,
"Anthidiellum notatum","Megachilidae","1","1",,"1","1",,"1",,,,"1",,"1",,,,,,,"1",,,,"1","1",,,,,,,"1",,"1",,,,"1",,,,,,"1",,,,,,,,,,,"1",,,"1",,"1",,,,"1",,,,"1","1","1",,,,,,,,,,,,,,,,,,,,,,,,,,,,,,,,,,,,,,,
"Anthidiellum perplexum","Megachilidae",,,,,,,,,"1",,,,,,,,,,,,,,,,,,,,,,,,,,,,,,,,,,,,,,,,,,,,,,,,,,,,,,,,,,,,,,,,,,,,,,,,,,,,,,,,,,,,,,,,,,,,,,,,,,,,
"Anthidium maculifrons","Megachilidae","1","1",,,,,,,,,,"1",,,,"1",,,,,,,,,,,,,,,"1",,,,,,,,,,"1",,,,,,,,,,,,,,,,,,,,,,,,,,,,,,,,,,,,,,,,,,,,,,,,,,,,,,,,,,,,,,,,,,,,
"Anthophora abrupta","Apidae","1","1",,"1",,,,"1","1",,,,,,,"1",,,"1","1","1",,,"1",,"1","1",,,,,,,"1","1",,,,,,,,,,,,,,,,"1",,,"1",,"1",,,,"1",,,,"1",,"1",,,,,"1","1",,,,,,,,,,,,,,,,,,,,,,,,,,,,,,,,,,,,,
"Anthophora bomboides","Apidae",,,,,,,,,,,,,,,,,,,,,,,,,,,,,,,,,,,,,,,,,,,,,,,,,,,,,,,,,,,,,,,,,,"1",,,,,,,,,,,,,,,,,,,,,,,,,,,,,,,,,,,,,,,,,,,
"Anthophora terminalis","Apidae",,,,,,,,,,,,,,,,,,,,,,,,,,,,,,,,,,,,,,"1",,,,,,,,,,,,,,,,,,,,,,,,,,,,,,,,,,,,,,,,,,,,,,,,,,,,,,,,,,,,,,,,,,,,,,,
"Anthophora ursina","Apidae","1","1","1","1",,,,"1","1",,,"1","1",,,,,,,,"1",,,,,,,,"1","1",,"1",,,"1","1",,,,,,,,,,,,,,,,,,,,,,,,,,,,,,,,,,,,,,,,,,,,,,,,,,,,,,,,,,,,,,,,,,,,,,,,,
"Apis mellifera","Apidae","1",,,,,,,,,,,,"1","1",,,,"1","1",,,"1","1","1","1","1",,,,,,,"1",,,,"1",,"1","1",,,,,,,"1",,,,,,,,,"1",,,"1",,,,"1","1",,"1",,,"1","1",,"1","1","1","1","1","1","1","1","1","1","1",,,,,,,,,,,,,,,,,,,,,,,,,,,
"Ashmeadiella floridana","Megachilidae",,,,,"1",,,,,,,,,,,,,,,,,,,,,,,,,,,,,,,,,,,,,,,,,,,,,"1",,,,,,,,,,,,,,,,,,,,,,,,,,,,,,,,,,,,,,,,,,,,,,,,,,,,,,,,,,,
"Augochlora pura","Halictidae","1",,"1","1",,"1","1",,"1","1","1",,"1",,,,,"1",,"1","1",,,"1",,,,,"1",,,"1",,,,,,,,,,"1",,"1","1",,,,,"1",,,,,,,,,,,,,,,,,,,,"1",,,,,,,,,,,,"1",,,,,,,,,,,,,,,,,,,,,,,,,,,
"Augochlorella aurata","Halictidae",,,,,,,,,"1","1","1","1","1",,,,,"1",,"1","1",,,"1",,,,,,,"1","1",,,"1","1","1",,,,"1","1",,,,,"1",,,"1",,,,,,"1","1",,,,"1",,"1","1",,,,,,,,,,,,,,,,,"1",,"1","1","1","1",,,,,,,,,,,,,,,,,,,,,,,
"Augochlorella gratiosa","Halictidae","1","1","1","1",,,,,"1",,,,,,,,,"1",,"1","1",,,,,,"1",,"1",,,,,"1",,,,,,,,"1","1",,,,,,,"1","1","1",,"1","1","1",,,,,,,,,,,,,,,,,,,,,,,,,,,,,,,"1","1","1","1",,,,,,,,,,,,,,,,,,,
"Augochloropsis anonyma","Halictidae",,,,,,,,,"1",,,,,,,,,,,,,,,,,,,,,,,,,,,,,,,,,,,,,,,,,,,,,,,,,,,,,,,,,,,,,,,,,,,,,,,,,,,,,,,,,,,,,,,,,,,,,,,,,,,,
"Augochloropsis metallica","Halictidae","1","1","1","1",,,,,"1",,"1","1","1",,,,,,"1",,"1",,,,,,"1","1","1",,,,"1","1","1",,,"1",,"1",,"1","1","1",,,,,,,"1","1","1",,"1","1",,,,,,,,,,,,,,,,,,,,,,,"1",,,,,,,,,,,,"1",,,,,,,,,,,,,,,,,,
"Augochloropsis sumptuosa","Halictidae","1",,,,,,,,,,,,,,,,,,,,,,,,,,,,,,,"1",,,"1",,,,,,,,,,,,,,,,,,,,,,,,,,,,,,,,,,,,,,,,,,,,,,,,,,,,,,,,,,,,,,,,,,,,,,,,,,
"Bombus affinis","Apidae",,,,,,,,,,,,,,,,,,,,,,,,,,,,,,,,,,,,,,,,,,,,,,,"1",,,,,,,,,,,,,,,,,,,,,,,"1",,,,,"1",,,,,,,,,,,,,,,,,"1","1",,,,,,,,,,,,,,,,
"Bombus auricomus","Apidae",,,,,,,,,,,,,,,,,,,,,,,,,,,,,,,,,,,,,,"1",,,,,,,,,,,,,,,,,,,,,,,,,,,"1",,,,,,,,,,,,,,,,,,,,,,"1",,,,,"1","1",,,,,,,,,,,,,,,,
"Bombus bimaculatus","Apidae","1","1",,,,,,,,"1",,,,,,,,"1","1","1",,,,"1","1","1",,"1","1",,,,"1",,"1",,,"1",,,,,,,"1",,"1",,,,,,,,,,,,,,,,"1","1",,,,,"1","1",,,,"1",,,"1",,,,,,,,,,,,,,,,,"1","1",,,,,,,,,,,,,,
"Bombus citrinus","Apidae",,,,,,,,,,,,,,,,,,"1",,,,,,"1","1",,,,,,,"1",,,,,,,,,,,,"1",,,"1",,,,,,,,,,,,,,,,,"1",,,,,,,,,,,,,,,,,,,"1",,,,,,,,,,,,,,,,,,,,,,,,,,
"Bombus fervidus","Apidae",,,,,,,,,,,,,,,,,,,,,,,,,"1",,,,,,,,,,,,,,,,,,,,,,,,,,,,,,,,,,,,,,,,,,,,,,,,,,,,,,,,,,,,,,,,,,,,,,,,,,,,,,,,,,,,
"Bombus fraternus","Apidae","1","1","1",,"1",,,,,,,,,,,,,,"1",,,,"1",,,,,"1","1",,,,,,,,,"1",,,,,,,"1",,,,,,,,,,"1",,,,,"1",,,,,,,,,,,,,,,,,,,,,,,,,,,"1",,,,,,,,,"1","1",,,,,,,,,,,,
"Bombus griseocollis","Apidae",,"1","1",,,,,,,,,,,,,,,"1","1",,,,,"1","1","1",,,,,,,,,,,,,,,,"1","1",,"1","1",,,,,,,"1",,"1",,,,,,,,"1","1",,,,,,,,,,,,,,,,,,,,,,,,,,,,"1",,,,,,,,,,,,,,,,,
"Bombus impatiens","Apidae","1","1","1",,,,,,,"1",,,,"1",,,,"1","1","1",,"1",,"1","1","1","1","1",,"1",,,"1","1",,,,"1",,"1",,"1","1",,"1",,,,"1","1",,,"1","1","1",,"1",,"1",,"1",,"1","1","1",,,"1",,,,,"1","1","1",,"1",,"1",,"1","1",,,"1","1","1","1",,,,"1","1",,,"1","1","1","1","1","1","1","1",,,,,,
"Bombus pensylvanicus","Apidae",,"1","1",,,,"1",,"1",,"1","1",,,,,,"1","1","1",,"1","1","1","1","1","1",,,,,,"1","1",,,,"1",,"1",,"1",,,"1","1","1","1","1",,,,"1","1","1",,,,"1",,"1","1",,,,,,,"1","1","1",,,,"1",,"1",,,,"1",,"1","1",,,"1",,,,,"1",,"1",,"1","1",,,,"1",,,,,,,,
"Bombus variabilis","Apidae","1","1",,,,,,,,,,,,,,,,,,,,,,,,,,,,,,,"1","1",,,,,,,,,,,,,,,,,,,,,,,,,,,,,,,,,,,,,,,,,,,,,,,,,,,,,"1",,,,,"1",,,,,,,,,,,,"1",,,,,
"Calliopsis andreniformis","Andrenidae","1","1",,"1",,,,,,,,"1",,,,,,"1",,"1","1",,,"1",,,"1",,"1","1","1",,,"1","1",,,"1",,,"1","1",,,"1","1",,,,,"1",,"1","1","1","1",,,,,,"1","1",,,,,,,,,,,,,,,,,,,,,"1",,,,,,,,,,,,,,,,,,,,,,,,,
"Calliopsis coloradensis","Andrenidae",,,,,,,,,,,,,,,,,,,,,,,,,,,,,,,,,,,,,,,,,,,,,,,,,,,,,,,,,,,,,,,,,,,,,,,,,,,,,,,,,,,,,"1",,,,,,,,,,,,,,,,,,,,,,,,
"Ceratina calcarata","Apidae",,,"1","1",,"1","1","1",,,,"1","1",,"1",,,"1","1",,"1","1",,"1","1",,"1",,"1","1","1","1","1","1","1","1","1","1",,,"1","1",,"1","1","1","1",,,,,"1","1","1","1","1",,,,,"1",,"1","1",,,,,,,,,,,"1",,,"1",,,,"1",,,"1",,,,,"1",,,,,,,,,,,,"1",,,"1",,,,
"Ceratina cockerelli","Apidae",,,,,,,,,,,,,,,,,,"1",,,,,,,,,,,,,,,,,,,,,,,,,,,,,,,,,,,,,,,,,,,,,,,,,,,,,,,,,,,,,,,,,,,,,,,,,,,,,,,,,,,,,,,,,,,
"Ceratina dupla","Apidae","1",,,,,,,,,,,"1",,,,,,"1",,"1","1",,,"1",,,,,,"1",,,"1",,"1",,,"1",,,"1","1",,,,,,,,,,"1",,,"1","1",,,,,,,,,,,,,,,,,,,,,"1",,,,,,,,,,,,,,,,,,,,,,,,,,,,,"1",,,
"Ceratina floridana","Apidae",,,,"1",,,"1",,,"1",,,,,,,,,,,,,,"1",,,,,,,,,,,,,,,,,,,,,,,,,,,,,,,,,,,,"1",,,,,,,,,,,,,,,,,"1",,,,,,,,,,,,,,,,,,,,,,,,,,,,,,,,
"Ceratina strenua","Apidae",,,"1","1",,,,"1",,,,"1",,"1",,,,"1",,"1","1",,,"1",,,"1",,"1","1","1",,"1",,"1","1","1",,"1",,"1",,"1","1","1","1",,,,,,"1","1",,"1","1",,,,"1","1",,"1",,,"1",,,,,,,,,"1",,,,,,,"1",,,,,,,,"1",,,,,,,,,,,,,,,,,,,
"Chelostoma philadelphi","Megachilidae",,"1",,,,,,,,,,"1",,,,,,"1",,,,,,"1",,,"1",,"1",,,"1",,,,,,"1",,,,,,"1","1","1",,,,,"1",,"1",,,,,,,,,,,,,,,,,,,,,,,,,,,,,,,,,,,,,,,,,,,,,,,,,,,,,,,,
"Coelioxys banksi","Megachilidae",,"1",,,,,,,,,,,,,,,,,,,,,,,,,,,,,,,,,,,,,,,,,,,,,,,,,,,,,,,,,,,,,,,,,,,,,,,,,,,,,,,,,,,,,,,,,,,,,,,,,,,,,,,,,,,
"Coelioxys dolichos","Megachilidae",,,,,,,,,,,,,,,,,,,,,"1",,,,,,,,,,,,,,,,,,,,,,,,,,,,,,,,,,,,,,,,,,,,,,,,,,,,,,,,,,,,,,,,,,,,,,,,,,,,,,,,,,,,,,,,
"Coelioxys germana","Megachilidae","1",,,,,,,,,,,,,,,,,,,,,,,"1",,,,,,,,,,,,,,,,,,,,,,,,,,,,,,,,,,,,,,,,,,,,,,,,,,,,,,,,,,,,,,,,,,,,,,,,,,,,,,,,,,,,,
"Coelioxys hunteri","Megachilidae",,,,,,,,,,,,,,,,,,,,,,,,,,,,,,,,,,"1",,,,,,,,,,,,,,,,,,,,,,,,,,,,,,,,,,,,,,,,,,,,,,,,,,,,,,,,,,,,,,,,,,,,,,,,,,,
"Coelioxys immaculata","Megachilidae","1",,,,,,,,,,,,,,,,,,,,,,,,,,,,,,,,,,,,,,,,"1",,,,,,,,,,,,,,,,,,,,,,,,,,,,,,,,,,,,,,,,,,,,,,,,,,,,,,,,,,,,,,,,,,,,
"Coelioxys mexicana","Megachilidae",,,,,,,,,,,,,,,,,,,,,,,,,,,,,,,,,,,,,,,,,,,,,,,,,,,,,,,,,,,,"1",,,,,,,,,,,,,,,,,,,,,,,,,,,,,,,,,,,,,,,,,,,,,,,,,
"Coelioxys mitchelli","Megachilidae",,,,,,,,,,,,,,,,,,,,,,,,,,,,,,,,,,,,,,,,,,"1",,,,,,,,,,,,"1","1",,,,,,,,,,,,,,,,,,,,,,,,,,,,,,,,,,,,,,,,,,,,,,,,,,,,,,
"Coelioxys modesta","Megachilidae","1",,,,,,,,,,,,,,,,,,,,,,,,,,,,,,,,,,,,,,,,,,,,,,,,,,,,,,"1",,,,,,,,,,,,,,,,,,,,,,,,,,,,,,,,,,,,,,,,,,,,,,,,,,,,,,
"Coelioxys octodentatus","Megachilidae","1","1","1",,,,,,,,,,,,,,,"1",,,,,,"1",,,,,,,,,,"1",,,,,,,"1",,,,,,,,,,,,,,,,,,,,,,,,,,,,,,,,,,,,,,,,,,,,,,,,,,,,,,,,,,,,,,,,,,,,
"Coelioxys sayi","Megachilidae","1","1","1","1","1","1",,"1",,"1",,"1","1",,,,,"1","1",,"1",,,"1","1","1","1",,,"1","1",,,"1",,,,,,,"1","1",,"1","1","1",,,,"1",,"1",,,,,,,,"1","1",,,,,,,,,,,,,,,,,,,,,,,,"1",,,,"1",,,,,,,,,,,,,,,,,,,,
"Colletes aestivalis","Colletidae",,"1",,,,,,"1",,,,,,,,,,,,,,,,,,,,,,"1",,,,,,,,,,,,,,,,,,,,,,"1",,,,,,,,,,,,,,,,,,,,,,,,,,,,,,,,,,,,,,,,,,,,,,,,,,,,,,,,,
"Colletes americanus","Colletidae","1",,,,,,,,,,,,,,,,,,,,,,,,,,"1",,"1","1","1",,"1","1",,,,,,,"1",,,,,,,,"1",,,"1",,,"1","1",,,,,,,,,,,,,,"1",,,,,,,,,,,,,,,,,,,"1",,,,,,,,,,,,,,,,,,,,
"Colletes brevicornis","Colletidae","1","1",,"1",,,,,"1",,,,,,,,,,,,,,,,,,,,,,,,,"1",,,,,,,,,,"1",,,,,,,,"1",,,"1",,,,,,,,,,,,,,,,,,,,,,,,,,,,,,,,,,,,,,,,,,,,,,,,,,,,,,
"Colletes compactus","Colletidae","1",,,,,,,,,,,,,,,,,,,,,,,,,,,,"1",,,,"1","1",,,,,,,,,,,,,,,,,,"1",,,,"1",,,,,,,,,,,,,,,,,,,,,,,,,,,,,,,,,,,,,,,,,"1",,,,,,,,,,,,
"Colletes eulophi","Colletidae",,,,,,,,,,,,,,,,,,,,,,,,,,,,,,,,,,,,,,,,,,,,,,,,,,,"1",,,,,,,,,,,,,,,,,,,,,,,,,,,,,,,,,,,,,,,,,,,,,,,,,,,,,,,,,,
"Colletes inaequalis","Colletidae",,,"1",,,,,,,,,,"1",,,,,,,,,,,,,,,,,,,,,,,,,,,,,,,,,,,"1",,,,,,,,"1",,,,,,,,,,,,,,,,,,,,,,,,,,,,,,,,,"1",,,,,,,,,,,,,,,,,,,,
"Colletes mandibularis","Colletidae",,,,,,,,"1",,,,,,,,,,,,,,,,,,,,,,,,,,,,,,,,,,,,,,,,,,,,,,,,,,,,,,,,,,,,,,,,,,,,,,,,,,,,,,,,,,,,,,,,,,,,,,,,,,,,,
"Colletes nudus","Colletidae","1","1",,,,,,,,,,,"1",,,,,"1",,,,,,,,,,,,,,,,,,,,,,,,"1",,,,,,,,,,,,,,,,,,,,,,,,,,,,,,,,,,,,,,,,,,,,,,,,,,,,,,,,,,,,,,,,,,,
"Colletes productus","Colletidae",,,,"1",,,,,,,,,,,,,,,,,,,,,,,,,,,,,,,,,,,,,,,,,"1",,,,,,,,,,,,,,,,,,,,,,,,,,,,,,,,,,,,,,,,,,,,,,,,,,,,,,,,,,,,,,,,
"Colletes simulans","Colletidae","1",,,,,,,,,,,,,,,,,,,,,,,,,,,,,,"1",,"1",,,,,,,,,,,,,,,,,,,,,,,,,,,,,,,,,,,,,,,,,,,,,,,,,,,,,,,,,,,,,,,,,,,,,,,,,,,,
"Colletes thoracicus","Colletidae",,,,,,,,,,,,"1",,,,,,"1","1",,,,,"1",,,,,,,,,,"1",,,,,,,,"1",,,"1",,,,,,,"1",,,,,,,,,"1",,,,,,,,,,,,,,,,,,,,,,,,,,,,,,,,,,,,,,,,,,,,,,,,
"Colletes validus","Colletidae",,,"1",,,,,,,,,"1",,,,,,,,,,,,,,,,,,,,,,,,,,,,,,,,,,,,,,,,,,,,,,,,,,,,,,,,,,,,,,,,,,,,,,,,,,,,,,,,,,,,,,,,,,,,,,,,,
"Colletes willistoni","Colletidae",,,,,,,,,,,,,,,,,,,,,,,,,,,,,,,,,,,,,,,,,,"1",,,,,,,,,,,,,,,,,,,,,,,,,,,,,,,,,,,,,,,,,,,,,,,,,,,,,,,,,,,,,,,,,,,
"Dianthidium curvatum","Megachilidae","1","1",,,,,,,,,,"1",,,,,,,,,,,,,,,,,,,,,,"1",,,,,,,,,,,,,,,,,,,,,,,,,,,,,,,,,,,,,,,,,,,,,,,,,,,,,,,,,,,,,,,,,,,,,,,,,,,
"Epeolus australis","Apidae",,,,,,,,,,,,,,,,,,,,,,,,,,,,,,,,,,"1",,,,"1",,,,"1",,,,,,,,,,,,,,,,,,,,,,,,,,,,,,,,,,,,,,,,,,,,,,,,,,,,,,,,,,,,,,,,,,,
"Epeolus autumnalis","Apidae","1",,,,,,,,,,,,,,,,,,,,,,,,,,,,,,"1",,,"1",,,,,,,,,,"1",,,,,,"1",,"1",,,,,,,,,,,,,,,,,,,,,,,,,,,,,,,,,,,,,,,,,,,,,,,,,,,,,,,,,
"Epeolus banksi","Apidae",,,,"1",,,,,,,,,,,,,,,,,,,,,,,,,,,,,,,,,,,,,,,,,,,,,,,,,,,,,,,,,,,,,,,,,,,,,,,,,,,,,,,,,,,,,,,,,,,,,,,,,,,,,,,,,
"Epeolus bifasciatus","Apidae","1","1",,,,,,,,,,,,,,,,,,,,,,,,,,,,,,,,,,,,,,,,,,,,,,,,,,,,,,,,,,,,,,,,,,,,,,,,,,,,,,,,,,,,,,,,,,,,,,,,,,,,,,,,,,,
"Epeolus ilicis","Apidae",,,,,,,,,,,,,,,,,,,,,,,,,,,,,,,,,,,,,,,,,,,,,"1",,,,,,,,,,,,,,,,,,,,,,,,,,,,,,,,,,,,,,,,,,,,,,,,,,,,,,,,,,,,,,,,
"Epeolus interruptus","Apidae","1","1","1","1",,,,,"1",,"1",,,,,,,,,,,,,,,,"1",,"1",,,,,"1",,,,,,,,,,,,,,,,,,,,,,,,,,,,,,,,,,,,,,,,,,,,,,,,,,,,,,,,,,,,,,,,,,,,,,,,,,,
"Epeolus pusillus","Apidae","1","1","1",,,,,"1",,,,,,,,,,,,"1",,,,,,,"1",,"1","1","1",,,,,,,,,,,,,"1",,,,,,,,"1","1",,,,,,,,,,,,,,,,,,,,,"1",,,,,,,,,,,,,,,,,,,,,,,,,,,,,,,,,,,
"Eucera atriventris","Apidae",,"1","1",,,"1",,"1",,,"1","1",,,,,,,,,"1",,,,,,,,,,,,,"1",,,,,,,,"1","1",,,"1",,,,,,"1",,"1",,,,,,,,,,,,,,,,,"1",,,,,,,,,,,,,,,,,,,,,,,,,,,,,,,,,,,,,,
"Eucera dubitata","Apidae",,,,,,,,,,,,,,,,,,,,,,,,,,,,,,,,,,,,,,,,,,"1","1",,,,,,,,,,,,,,,,,,"1",,,,,,,,,,,,,,,,,,,,,,,,,,,,,,,,,,,,,,,,,,,,,,,,
"Eucera fulvohirta","Apidae",,,"1",,"1",,,"1","1",,,,,,,,,,,,"1",,,,,,,"1",,,,,,,,,,,,,,,"1",,,,,,,,,,,,,,,,,,,,,,,,,,,,,,,,,,,,,,,,,,,,,,,,,,,,,,,,,,,,,,,,,,
"Eucera hamata","Apidae","1","1","1",,,"1",,,,,,,,,,,,,,,"1",,,,,,,,,,,,,,,,,,,,,,,,"1",,,,,,,,,,,,,,,,,,,,,,,,,,,,,,,,,,,,,,,,,,,,,,,,,,,,,,,,,,,,,,,,
"Eucera pruinosa","Apidae",,"1","1",,"1",,,"1","1",,,,,,,,,,"1",,,,,"1","1","1",,,,,,,,,,,,,,,,,,"1",,,,,,,,,,,,,,"1",,"1",,,,,,,,,"1",,,,,,,,,,,,,,,,,,,,,,,,,,,,,,,,,,,,,,,,
"Eucera rosae","Apidae","1","1","1","1",,,,,,,,,"1",,,,,,,,"1",,,,,,,,,"1",,,,,,,,,,,"1",,,,"1","1",,,,,,"1",,"1",,,,,,,,,,,,,,,,,,,,,,,,,,,,,,,,,,,,,,,,,,,,,,,,,,,,,,,
"Habropoda laboriosa","Apidae","1","1","1","1","1",,,"1",,,,,,,,"1",,"1",,,"1",,,"1",,,"1",,,,,,,,,,,"1",,,,"1",,"1",,,"1",,,,,,,,,"1",,,,,,,,,,,,,,,,,,,,,,,,,,,,,,,,,,,,"1",,,,,,,,,,,,,,,,,
"Halictus confusus","Halictidae","1",,,,,"1",,,,,"1","1",,,,,,"1",,,,,,"1","1",,,,"1",,,"1",,,,,,,,,,,,"1",,,"1",,,,"1","1",,,,,,,,"1",,,,"1",,,,,,,,,,,,,,,,,,,,,,,,,,,,,,,,,,,,,,,,,,,,,
"Halictus ligatus/poeyi","Halictidae","1","1","1","1","1","1",,"1","1","1","1","1","1","1","1","1",,"1","1","1","1",,,"1","1","1","1",,"1","1","1","1","1","1",,"1",,"1",,"1","1","1","1",,"1","1","1",,"1","1","1","1",,"1","1","1",,,,"1",,,"1","1",,,,,,"1",,"1","1",,,,"1",,,,,"1",,,"1",,"1",,,,,,,,,"1",,,,,,,,,,,,,
"Halictus parallelus","Halictidae","1","1","1","1","1","1",,,"1",,,"1",,,"1",,,"1","1","1","1",,,"1","1",,,,,,,,,,"1",,,"1",,,"1","1",,,"1",,"1",,,,,,,"1","1",,,,,,,,,,,,,,"1",,,,,,,,,,,,,,,"1",,,,,,,,,,,"1",,,,,,,,,,,,,,
"Halictus rubicundus","Halictidae","1","1","1","1",,"1",,"1","1",,"1","1",,,,,"1","1",,"1","1",,,"1","1","1","1",,"1",,,,"1","1","1","1",,"1",,,"1","1","1","1","1","1","1",,,,,"1",,"1","1",,,,,,,,"1","1",,,,,,,,,,,,,,,,,,,,,,,,,,,,,"1",,,,,,,,,,,,,,,,
"Heriades carinata","Megachilidae","1","1","1","1",,,,"1",,,,"1",,,,,,"1",,,,,,"1",,,,,"1",,,"1",,,,,,"1","1",,,,,,"1",,,,,,,,,"1",,,,,,"1",,,"1","1",,,,,,,,,,,,,,,,,,,,,,,,"1",,,,,,,,,,,,,,,,,,,,,
"Heriades variolosa","Megachilidae","1","1","1",,,,,,,,,"1",,,,,,,,,"1",,,,,,,,,"1",,,,,,"1",,,,,,,"1",,,,,,,,,"1",,,,,,,,,,,,,,,,,,,,,,,,,,,,,,,,,,,,,,,,,,,,,,,,,,,,,,,,,
"Holcopasites calliopsidis","Apidae",,,,,,,,,,,,,,,,,,"1",,,,,,"1",,,,,,,,,,,,,,,,,,,,,,,,,,,,,,,,,,,,,,,,,,,,,,,,,,,,,,,,,,,,,,,,,,,,,,,,,,,,,,,,,,,,,
"Holcopasites heliopsis","Apidae",,,,,,,,,,,,,,,,,,,,,,,,,,,,,,,,,,,,,,,,,,,,,,,,,,,,,,,,,,,,,,,,"1",,,,,,,,,,,,,,,,,,,,,,,,,,,,,,,,,,,,,,,,,,,,,
"Holcopasites illinoiensis","Apidae",,,,,,,,,,,,,,,,,,,,"1",,,,,,,,,"1",,,,,,,,,,,,"1",,"1",,,,,,,,"1",,,,"1",,,,,,,,,,,,,,,,,,,,,,,,,,,,,,,,,,,,,,,,,,,,,,,,,,,,,,
"Hoplitis producta/pilosifrons","Megachilidae","1","1","1","1","1","1",,"1","1",,,"1",,,,,,"1",,,"1",,,"1",,"1","1",,"1","1",,"1","1","1","1","1","1",,"1",,"1","1","1",,"1",,,,,"1",,"1",,"1","1","1",,"1",,,"1",,,,,,,,,,,,,,,,,,,,,,,,,,,,,,,,,,,,,,,,,,,,,"1",,,
"Hoplitis simplex","Megachilidae",,,,"1",,"1",,,,,,,,,,,,,,,"1",,,,,,,,,,,,"1",,,,,,,,"1",,"1",,,,,,,,,"1",,,,,,,,,,,,,,,,,,,,,,,"1",,,,,,,,,,,,,,,,,,,,,,,,,,,,,,,,,,
"Hoplitis spoliata","Megachilidae",,,,"1",,,,"1",,,"1",,,,,,,,,,,,,,,,,,,"1",,,"1","1",,,"1","1",,,,"1",,,,,,,,,,,,,"1",,,,,,,,,,,,,,,,,,,,,,,,,,,,,,,,,,,,,,,,,,,,,,,,,,,,,,
"Hoplitis truncata","Megachilidae","1","1","1","1","1",,,"1","1",,,"1",,,,,,,,"1","1",,,"1",,,"1",,"1","1","1",,,"1","1","1",,,"1",,"1","1",,"1","1","1",,,,"1","1","1",,,"1",,"1",,,,,,,,,,,,,,,,,,,,,,,,,,,,,,,,"1",,,,,,,,,,,,,,,,,"1",,,
"Hylaeus affinis","Colletidae",,,,"1",,,"1",,,,,"1",,,,,,,,,,,,,,,,,,,,,"1",,,,,,,,,,,,"1",,,,,,,,,,,,,,,"1",,,,,,,,,,,,,,,,,,,,,,,,,,,"1",,,,,,,,,,,,,,,,,,,,,,
"Hylaeus annulatus","Colletidae",,,,,,,,,,,,,,,,,,,,,,,,"1",,,,,,,,,,,,,,,,,,,,,,,,,,,,,,,,,,,,,,,,,,,,,,,,,,,,,,,,,,,,,,,,,,,,,,,,,,,,,,,,,,,,,
"Hylaeus fedorica","Colletidae",,,,,,,,,,,,,,,,,,,,,,,,,,,,,,,,,"1",,,,,,,,,,,,"1",,,,,,,,,,,,,,,,,,,,,,,,,,,,,,,,,,,,,,,,,,,,,,,,,,,,,,,,,,,,,,,,
"Hylaeus floridanus","Colletidae",,,,,,,,,,,,,,,,,,,,,,,,,,,,,,,,"1","1",,,,,,,,,,,,"1",,,,,,,,,,,,,,,,,,,,,,,,,,,,,,,,,,,,,,,,,,,,,,,,,,,,,,,,,,,,,,,,
"Hylaeus mesillae","Colletidae","1",,,,,"1",,,,,,"1",,,,,,,,,,,,"1",,,,,"1",,,"1","1","1",,,,,,,,,,,"1",,,,,"1",,,,"1",,,,,,,,,,,,,,,,,,,,,,,,,,,,,,"1",,,,,,,,,,,,,,,,,,,,,,,,,
"Hylaeus modestus","Colletidae","1",,,,,,,,,,,"1",,,,,,"1",,,,,,"1",,,,,,,,"1","1","1",,,,,,,,,,,"1","1",,,,,,,,"1","1",,,,,,"1",,,"1",,,,,,,,,,,,,,,,,,,,,,,,,,,,,,,,,,,,,,,,,,,,,
"Hylaeus ornatus","Colletidae","1",,,,,,,,,,,,,,,,,,,,,,,,,,,,,,,,,,,,,,,,,,,,,,,,,,,,,,,,,,,,,,,,,,,,,,,,,,,,,,,,,,,,,,,,,,,,,,,,,,,,,,,,,,,,
"Hylaeus verticalis","Colletidae",,,,,,,,,,,,,,,,,,,,,,,,,,,,,,,,,,"1",,,,,,,,,,,,,,,,,,,,,"1",,,,,,,,,,,,,,,,,,,,,,,,,,,,,,,,,,,,,,,,,,,,,,,,,,,,,,
"Lasioglossum admirandum","Halictidae","1","1",,,,,,"1",,,"1","1","1",,,,,"1",,,"1",,,"1",,,,,"1","1","1","1","1","1","1","1","1","1",,,"1","1","1","1","1","1",,,,,,,"1","1",,"1",,,,,,,,,,,,,,,,,,,,,,,,,,,,,,,,,,,,,,,,,,,,,,,,,,,,,
"Lasioglossum athabascense","Halictidae",,,,,,,,,,,,,,,,,,,,,,,,,,,,,,,,,,,,,,,,,"1",,,,,,,,,,,,,,,,,,,,,,,,,,,,,,,,,,,,,,,,,,,,,,,,,,,,,,,,,,,,,,,,,,,,
"Lasioglossum bruneri","Halictidae",,,"1","1",,"1",,,"1",,"1","1",,,,,,"1",,,"1",,,"1",,,"1",,,,,,"1","1",,,,,,,"1",,,,,,,,,,,,,"1","1",,,,,,,,"1",,,,,,,,,,,,,,,,,,,,,,,,,,"1",,,,,,,,,,,,,,,,,,,,
"Lasioglossum callidum","Halictidae",,,,,,,,,,,,,,,,,,"1",,,,,,"1",,,,,,,,,,,,,"1",,,,,,,,,,,,,,,,,"1",,"1",,,,,,,,,,,,,,,,,,,,,,,,,,,,,,,,,,,,,,,,,,,,,,,,,,,"1",,
"Lasioglossum cinctipes","Halictidae",,"1","1","1",,,,,"1",,,,,,,,,"1",,,,,,"1",,,,,,,,,,,,,,,,,,,,,,,,,,,,,,,,,,,,,,,,,,,,,,,,,,,,,,,,,,,,,,,,,,,,,,,,,,,,,,,,,,,,,
"Lasioglossum coeruleum","Halictidae",,,,,,,,,,,,,,,,,,,,,,,,"1",,,,,,,,,,,,"1",,,,,,,,,,,,,,,,,,,,,,,,,,,,,,,,,,,,,,,,,,,,,,,,,,,,,,,,,,,,,,,,,,,,,,,,,
"Lasioglossum coreopsis","Halictidae","1","1","1","1",,"1",,"1",,,,"1","1",,,,,"1",,"1","1",,,"1",,,"1",,"1","1","1","1","1","1",,"1",,"1",,,,"1",,,"1",,,,,,,"1","1","1","1","1",,,,,"1",,,"1",,,,"1",,,,,"1",,,,,,,,,,,,,,,,,,,,,,,,,,,,,,,,,,,,
"Lasioglossum creberrimum","Halictidae",,,"1",,,,,,,,,"1",,,,,,,,,,,,,,,,,,,,,,,,,,,,,,,,,,,,,,,,,,"1",,,,,,,,,,,,,,,,,,,,,,,,,,,,,,,,,,,,,,,,,,,,,,,,,,,,,,,
"Lasioglossum cressonii","Halictidae","1",,"1",,,,,,,,,,,,,,,,,,,,,,,,,,,,,"1",,,"1",,,,,,,,,,,,,,"1",,,,,,"1",,,,,,,,,,,,,,,,,,,,,,,,,,,,,,,,,,,,,,,,,,,,,,,,,,,,,,
"Lasioglossum floridanum","Halictidae",,,,,,,,"1",,,,"1",,,,,,,,,,,,,,,,,,,,,,,,,,,,,,,,,,,,,,,,,,,,,,,,,,,,,,,,,,,,,,,,,,,,,,,,,,,,,,,,,,,,,,,,,,,,,,,,,
"Lasioglossum forbesii","Halictidae",,,,,,,,,,,"1","1",,,,,,,,,,,,,,,,,,,,,,,,,,,,,,,,,,,,,,,,,,,,,,,,,,,,,,,,,,,,,,,,,,,,,,,,,,,,,,,,,,,,,,,,,,,,,,,,,
"Lasioglossum fuscipenne","Halictidae","1","1","1","1",,"1",,,"1",,,"1",,,,,,,,,,,,"1",,"1",,,"1","1","1","1","1",,,,,"1",,"1",,,,"1",,,,,,"1",,,,,,,,,,,,,"1","1",,,,,,,,,,,,,,,"1",,"1",,,,,,,,"1",,,,,,,,,,,,,,,,,,,,
"Lasioglossum gotham","Halictidae",,,,,,,,,,,,,,,,,,,,,,,,"1",,"1",,,,,,,,,,,,,,,,,,,,,,,,,,,,,,,,,,,,,,,,,,,,,,,,,,,,,,,,,,,,,,,,,,,,,,,,,,,,,,,,,,,
"Lasioglossum hitchensi","Halictidae",,,,,,,,,,,,,,,,,,"1",,,,,,"1","1",,,,,,,,,"1",,,"1",,,,,,"1",,,,,,,,,,"1",,,,,,,,,,"1","1",,,,,,,,,,,,,,,,,,,,,,,,,,,,,,,,,,,,,,,,,,,,,
"Lasioglossum illinoense","Halictidae","1","1","1",,,,,"1","1",,,"1",,,,,,"1",,,,,,"1",,,"1","1","1","1",,,"1",,,"1","1","1",,,"1",,"1","1","1",,,,,,,"1",,"1",,,,,,,,,,,,,,,,,,,,,,,,,,,,,,,,,,,,,,,,,,,,,,,,,,,,,,,
"Lasioglossum imitatum","Halictidae","1","1","1","1",,"1",,"1",,"1",,"1","1","1",,,,"1",,,"1",,,"1","1","1","1",,"1","1","1","1","1","1","1","1","1","1",,"1","1",,"1",,"1","1",,,"1",,,,,"1","1",,,,,"1","1",,,"1",,,,"1",,,,,,,,,"1",,,,,,,"1","1",,,,"1","1",,,,,,,,,,,,,,,,,,,
"Lasioglossum lionotum","Halictidae",,,,,,,,,,,,,,,,,,"1",,,,,,,,,,,,,,,,,,,,,,,,,,,,,,,,,,,,"1",,,,,,,,,,,,,,,,,,,,,,,,,,,,,,,,,,,,,,,,,,,,,,,,,,,,,,,
"Lasioglossum lustrans","Halictidae",,"1",,,,,,,,,,,,,,,,,,,,,,"1",,,,,,"1",,,,,,,,,,,"1","1",,,,,,,,,,,,,,,,,,,,,,,,,,,,,,,,,,,,,,,,,,,,,,,,,,,,,,,,,,,,,,,,,,,
"Lasioglossum macoupinense","Halictidae","1",,"1",,,,,,,,,,,,,,,,,,,,,,,,,,,,,,,,,,,,,,,,,,,,,,,,,,,,,,,,,,,,,,,,,,,,,,,,,,,,,,,,,,,,,,,,,,,,,,,,,,,,,,,,,,
"Lasioglossum oblongum","Halictidae",,,"1",,,,,,,,,,,,,,,,,,,,,,,,,,,"1",,,,,,,,,,,,,,,"1",,,,,,,,,"1",,,,,,,,,,,,,,,,,,,,,,,,,,,,,,,,,,,,,,,,,,,,,,,,,,,,,,,
"Lasioglossum pectorale","Halictidae","1","1","1","1",,,,,,,,"1",,,,,,,,,,,,,,,"1",,,,,,,,,,,,,,,,,,,,,,"1",,,,,,,,,,,,,,,,,,,,,,,,,,,,,,,,,,,,,,,,,,,,,,,,,,,,,,,,,,,,
"Lasioglossum pilosum","Halictidae","1","1","1","1","1","1",,"1","1",,"1","1",,,,,,"1",,"1","1",,,,,,"1","1","1","1",,"1","1",,,,,,,,"1","1","1","1","1","1",,,,,"1","1",,"1",,,,"1",,"1",,,,,,,,,,,,"1",,,,,,,,,,,,,,,,,,,,,,,,,,,,,,,,,,,,,
"Lasioglossum platyparium","Halictidae","1",,"1",,,,,,,,,"1",,,,,,"1",,,,,,"1",,,,,,,,,,,,,,,,,,,,,,,,,,,,,,,,,,,,,,,,,,,,"1",,,,,,,,,,,,,,,,,,,"1",,,,,,,,,,,,,,,,,,,,,,
"Lasioglossum puteulanum","Halictidae",,,,,,,,,,,,,,,,,,,,,,,,,,,,,,,,,,,,,,,,,,,,,,,,,,,,,,,,,,,,,,,"1","1",,,,,,,,,,,,,,,,,,,,,,,,,,,,,,,,,,,,,,,,,,,,,
"Lasioglossum raleighense","Halictidae","1",,,,,,,,,,,,,,,,,,,,,,,,,,"1",,"1","1",,,,,,,,,,,,,,,,,,,,,,,,,,,,,,,,,,,,,,,,,,,,,,,,,,,,,,,,,,,,,,,,,,,,,,,,,,,,,,,
"Lasioglossum reticulatum","Halictidae",,,"1",,,,,,,,,,,,,,,,,,,,,,,,,,,,,,,,,,,,,,,,,,,,,,,,,,,,,,,,,,,,,,,,,,,,,,,,,,,,,,,,,,,,,,,,,,,,,,,,,,,,,,,,,,
"Lasioglossum simplex","Halictidae",,,,,,,,,,,,,,,,,,,,,,,,,,,,,,,,,,,,,,"1",,,,,,,,,,,,,,,,,,,,,,,,,,,,,,,,,,,,,,,,,,,,,,,,,,,,,,,,,,,,,,,,,,,,,,,
"Lasioglossum subviridatum","Halictidae",,,,,,,,,,,,,,,,,,,,,,,,"1",,,,,,,,,,,,,,,,,,,,,,,,,,,,,,,,,,,,,,,,,,,,,,,,,,,,,,,,,,,,,,,,,,,,,,,,,,,,,,,,,,,,,
"Lasioglossum tegulare","Halictidae",,"1","1",,,,,,,,,"1","1",,,,,"1",,"1","1",,,"1",,,,,"1","1",,"1","1","1",,,,,,"1","1","1",,,,,,,,,,,,"1","1",,,,,,,,"1",,,,,,,,,,,,,,,,,,,,,,,,,,,,,,,,,,,,,,,,,,,,,,
"Lasioglossum trigeminum","Halictidae",,,,,,,,,,,,,,,,,,"1",,,,,,"1",,,,,"1",,,,,,"1",,,,,,,,,,,,,,,,,,,,"1",,,,,,,,,,,,,,,,,,,,,,,,,,,,,,,,,,,,,,,,,,,,,,,,,,,,,,
"Lasioglossum truncatum","Halictidae","1",,"1",,,,,,,,,,,,,,,,,,,,,"1",,,,,,,,,,,,,,,,,,,,,,,,,,,,,,,,,,,,,,,,,,,,,,,,,,,,,,,,,,,,,,,,,,,,,,,,,,,,,,,,,,,,,
"Lasioglossum versatum","Halictidae",,"1",,,,,,"1",,,"1","1","1",,,,,,,,,,,,,,,,"1","1",,,"1","1","1",,,"1",,,,"1",,"1","1",,,,,,,"1","1","1","1",,,,,,"1",,,,,,,,,,,,,,,,,,,,,,,,,,,,,,,,,,,,,,,,,,,,,,,,
"Lasioglossum vierecki","Halictidae",,,,"1",,,,,,,,"1",,,,,,,,,,,,,,,"1",,,,,,,,,,,,,,,,,,,,,,,,,,,,,,,,,,,,,,,,,,,,,,,,,,,,,,,,,,,,,,,,,,,,,,,,,,,,,,,,,,
"Lasioglossum viridatum","Halictidae","1",,,,,,,,,,,"1",,,,,,,,,,,,,,,,,"1",,,,,,,,,,,,,,,,,,,,,,,,,"1",,,,,,,,,,"1",,,,,,,,,,,,,,,,,,,,,,,,,,,,,,,,,,,,,,,,,,,,,
"Lasioglossum weemsi","Halictidae",,,,,,,,,,,,,"1",,,,,"1",,,,,,"1",,,,,,,,,,,,,"1",,,,,"1",,,,,,,,,,,,,"1","1",,,,,,,,,,,,,,,,,,,,,"1",,,,,,,,,,,,,,,,,,,,,,,,,,,,,,,,
"Lasioglossum zephyrum","Halictidae",,,,,,,,,,,,"1","1",,,,,"1",,,,,,"1",,,,"1","1","1",,,,,,,"1","1",,,,"1",,,,,,,,,,"1","1",,,,,,,,,,"1","1",,,,,,,,,,,,,,,,,,,,,,"1",,,,,,,,,,,,,,,,,,,,,,,
"Lithurgopisis gibbosa","Megachilidae",,"1","1",,,,,,,,,,,,,,,,,,,,,,,,,,,,,,,,,,,,,,,,,,,,,,,,,,,,,,,,,,,,,,,,,,,,,,,,,,,,,,,,,,,,,,,,,,,,,,,,,,,,,,,,,,
"Macropis steironematis","Melittidae","1","1",,,,,,,,,,,,,,,,,,,,,,,,,,,,,,,,,,,,,,,,,,,,,,,,,,,,,,,,,,,,,,,,,,,,,,,,,,,,,,,,,,,,,,,,,,,,,,,,,,,,,,,,,,,
"Megachile addenda","Megachilidae","1","1",,"1",,"1",,,,,,"1",,,,,,,,,,,,,,,"1",,"1","1","1",,,,,,,,,,,,,,,,,,,"1",,,,,,,,,,,,,,,,,,,,,,,,,,,,,,,,,,,,,,,,,,,,,,,,,,,,,,,,,,,
"Megachile albitarsis","Megachilidae",,,,,,,,,,,,,,,,,,,,,,,,,,,,,,,,,,"1",,,,,,,,,,,,,,,,,,,,,,,,,,"1",,,,,,,,,,,,,,,,,,,,,,,,,,,,,,,,,,,,,,,,,,,,,,,,,
"Megachile brevis","Megachilidae","1","1","1","1",,,"1",,,,"1",,,,,,,,,,,,,,,"1",,,,,"1",,"1","1",,,,,,,,"1",,,"1",,,,"1","1",,,,,"1",,,,,,,,,,,,,,,,,"1",,,,,,,,,,,,"1",,,,,,,,,,,,,,,,,,,,,,,,,
"Megachile campanulae","Megachilidae",,,,"1",,,,,,,"1",,,,,,,"1",,,,,,"1","1",,,,,,,,,,,,,,,,,,,,,,"1",,,,,,,,"1",,,,,,,,,"1",,,,,,,,,,,,,,,,,,,,"1","1",,,,,,,,,,,,,,,,,,,,,,,,
"Megachile exilis","Megachilidae",,"1","1",,"1",,"1","1",,,"1","1",,,,,,"1",,,,,,"1","1",,,,"1",,,"1",,"1",,,,,"1",,,,,,"1",,,,,"1",,,"1",,"1",,,,,"1",,,"1",,,,,,,,,,,,,,,,,"1",,,,,,,,,,,,,,,,,,,,,,,,,,,,,
"Megachile frigida","Megachilidae",,,,,,,,,,,,,,,,,,,"1",,,,,,"1",,,,,,,,,,,,,,,,,,,,,,,,,,,,,,,,,,,,,,,,,,,,,,,,,,,,,,,,,,,,,,,,,,,,,,,,,,,,,,,,,,,,
"Megachile frugalis","Megachilidae","1",,,,,,,,,,,,,,,,,,,,,,,,,,,,,,,,,,,,,,,,,,,,,,,,,,,,,,,,,,,,,,,,,,,,,,,,,,,,,,,,,,,,,,,,,,,,,,,,,,,,,,,,,,,,
"Megachile gemula","Megachilidae",,,,,,,,,,,,,,,,,,,,,,,,"1",,,,,,,,,,,,,,,,,,,,,,,,,,,,,,,,,,,,,,,,,,,,,,,,,,,,,,,,,,,,,,,,,,,,,,,,,,,,,,,,,,,,,
"Megachile georgica","Megachilidae",,"1","1",,,,,,,,,,,,,,,,,,,,,,,,"1",,,,,,,"1",,,,,,,,,,,"1",,,,,"1",,,,,,,,,,,,,,,,,,,,,,,,,,,,,,,,,,,,,,,,,,"1",,,,,,,,,,,,,,,,,
"Megachile inimica","Megachilidae",,,,,,,,,,,"1",,,,,,,,,,,,,,,,,,,,,,,"1",,,,,,,,"1",,,,,,,,,,,,,,,,,,,,,,,,,,,,,,,,,,,,,,,,,,,,,,,,,,,,,,,,,,,,,,,,,,,
"Megachile integra","Megachilidae",,,,"1",,,,,,,"1",,,,,,,,,,,,,,,,,,,,,,,,,,,,,,,,,,,,,,,,,,,,,,,,,,,,,,,,,,,,,,,,,,,,,,,,,,,,,,,,,,,,,,,,,,,,,,,,,,
"Megachile lippiae","Megachilidae",,,,,,,,,,,,,,,,,,,,,,,,,,"1",,,,,,,,,,,,,,,,,,,,,,,,,,,,,,,,,,,,,,,,,,,,,,,,,,,,,,,,,,,,,,,,,,,,,,,,,,,,,,,,,,,
"Megachile mendica","Megachilidae","1","1","1","1",,,"1",,,"1",,"1","1",,,,,"1","1",,,,,"1","1","1","1","1","1","1","1",,"1","1",,,,,"1",,,"1",,,"1","1",,,,"1",,,,,,,,,,"1",,,"1","1",,,,,,"1",,"1",,,"1",,,,,,"1",,"1","1",,,,,,"1",,,,,,,,,,"1",,,,,"1",,,,
"Megachile mucida","Megachilidae",,,,"1",,,,"1",,,,,,,,,,,,"1",,,,,,,,,"1",,,,"1",,,,,,,,,,,,,,,,,,,"1",,,,,,,,,,,,,,,,,,,,,,,,,,,,,,,,,,,,,,,,,,,,,,,,,,,,,,,,,
"Megachile oenotherae","Megachilidae",,"1",,"1","1",,,,"1",,"1",,,,,,,,,"1",,,,,,,"1",,,,,,,"1","1",,,,,,,"1",,,,,,,,"1",,,,"1","1","1",,,,,,,,,,,,,,,,,,,,,,,,,,,,,,,,,,,,,,,,,,,,,,,,,,,,,
"Megachile parallela","Megachilidae",,"1",,,,,,,,,,,,,,,,,"1",,,,,,"1",,,,,,,,,,,,,,,,,,,,,,,,,,,,,,,,,,,,,,,,,,,,,,,,,,,,,,,,,,,,,,,,,,,,,,,,,,,,,,,,,,,,
"Megachile petulans","Megachilidae","1","1",,"1",,,,,,,,,,,"1","1",,"1","1",,,,,"1","1",,,,,,,,,"1",,,,,,,,,,,"1","1",,,"1","1",,,"1",,,,,,,,,,"1",,,,,,,,,,,,,,,,,,,,,,,,,,,"1",,,,,,,,,,,,,,,,,,,
"Megachile policaris","Megachilidae",,,,,,,,,,,,,,,,,,,,,,,,,"1",,,,,,,,,,,,,,,,,,,,,,,,,,,,,,,,,,,,,,,,,,,,,,,,,,,,,,,,,,,,,,,,,,,,,,,,,,,,,,,,,,,,
"Megachile relativa","Megachilidae",,,,"1",,,,,,,,,,,,,,,,,,,,,,,,,,,,,,,,,,,,,,,,,,,,,,,,,,,,,,,,,,,,,,,,,,,,,,,,,,,,,,,,,,,,,,,,,,,,,,,,,,,,,,,,,
"Megachile rotundata","Megachilidae",,,,,,,,,,,,,,,,,,"1",,,,,,"1","1","1",,,,,,,,,,,,,"1",,,,,,,,"1",,,,,,,,,,,,,,,,"1","1",,,,,,"1",,,,,,,,,,,,,,,"1",,,,,,,,,,,,,,,,,,,,,,,,
"Megachile rubi","Megachilidae",,"1",,"1",,,,,,,,,,,,,,,,,,,,,,,,,,,,,,,,,,,,,,,,,,,,,,"1",,,,,,,,,,,,,,,,,,,,,,,,,,,,,,,,,,,,,,,,,,,,,,,,,,,,,,,,,,,
"Megachile sculpturalis","Megachilidae",,,,,,,,,,,,,,,,,,,,,,,,,"1",,,,,,,,,,,,,,,,,,,,,,,,,,,,,,,,,,,,,,"1","1",,,,,,"1",,,,,,,,,,,"1","1",,,,,,,,,,,,,,,,,,,,,,,,"1",,"1",
"Megachile texana","Megachilidae",,,"1",,,,"1",,,,,,,,,,,,,,"1",,,"1","1",,,,,,"1","1","1","1",,,,,,,,,,,"1",,,,,"1",,,,,,,,,,,,,,,,,,,,,,,,,,,,,,,,,,,,,,,,,,,,,,,,,,,,,,,,,,,
"Megachile xylocopoides","Megachilidae",,,,,,,,,,,,,,,,,,"1","1",,,,,"1","1","1",,,,,,,,"1",,,,,,,,,,,,,,,,,,,,,,,,,,,,,,,,,,,,,,,,,,,,,,,,,,,,,,,,,,,,,,,,,,,,,,,,,,,
"Melecta pacifica","Apidae",,,,,,,,,,,,,,,,,,,,,,,,,,,,,,,,,,,,"1",,,,,,,,,,,,,,,,,,,,,,,,,,,,,,,,,,,,,,,,,,,,,,,,,,,,,,,,,,,,,,,,,,,,,,,,,
"Melissodes agilis","Apidae","1",,,,,,,,,,"1","1",,,,,,,,,"1",,,,,,,,,,,,,,,,,,,,,,,,,,,,,,"1",,,,,,,,,,,,,,,,,,,,,,,,,,,,,,,,,,,,,,,,,,,,,,,,,,,,,,,,,,
"Melissodes bimaculata","Apidae","1","1","1","1",,"1",,,"1",,,,"1",,,,,"1",,,,,,"1",,,"1","1",,,,"1","1","1",,,,,,,,,,,,"1",,"1",,"1",,,"1",,,,,,"1","1",,,,,,,,"1",,,"1","1",,,,,,,,,,,,,,,,,,,"1","1",,,,,"1",,,,,,,,,,,,
"Melissodes boltoniae","Apidae",,,,,,,,,,,,,,,,,,,,,,,,,,,,,,,,,"1",,,,,"1",,,,,,,,,,,,,,,,,,,,,,,,,,,,,,,,,,,,,,,,,,,,,,,,,,,,,,,,,,,,,,,,,,,,,,,
"Melissodes coloradensis","Apidae",,"1","1","1",,,,,,,,"1",,,,,,,,,,,,,,,"1",,"1",,,,,,,,,,,,,,,,,,,,,,,,,,,,,,,,,,,,,,,,,,,,,,,,,,,,,,,,,,,,,,,,,,,,,,,,,,,,,,,,
"Melissodes communis","Apidae","1","1",,"1",,,,,,,,"1",,,,,,,,,,,,,,,"1",,,,,,,,"1",,,,,,,,,,,,,,,,,,,,,,,,,,,,,,,,,,,,,,,,,,,,,,,,,,,,,,,,,"1",,,,,,,,,,,,,,,,,
"Melissodes comptoides","Apidae",,,,,,,,,,,,,,,,,,,,,,,,,,,,,,,,,,,,,,,,,,,,,,,,,,,,,,,,,,,,,,,,,,,,,,,,,,"1",,,,"1",,,,,,,,,,,,,,,,,,,,,,,,,,,,,,,
"Melissodes denticulatus","Apidae","1",,,,,,,,,,,,,,,,,,,,"1",,,,"1",,,,"1",,,,,"1",,,,,,,,,,,,,,,,,,,,,,,,,,,,,,,,,,,,,,,,,,,,,,,,,,,,,,,,,,,,,,,,,,,,,,,,,,,
"Melissodes dentiventris","Apidae","1","1","1",,,,,,"1",,,"1","1",,,,,,,"1","1",,,,,,,,"1","1","1",,"1","1",,,,,,,"1",,,"1","1",,,,,,,"1",,,,,,,,,,,,,,,,,,,,"1",,,,,,,,,,,,,,,"1",,,,,,,,,,,,,,,,,,,,,,
"Melissodes druriellus","Apidae","1","1",,,,,,"1",,,"1","1","1",,,,,,,,"1",,,,,,"1","1","1","1","1",,"1","1",,,,,,,"1",,,"1",,"1",,,"1",,,"1","1",,,"1",,,,,,,,,,,,,,,,,,,,,,,,,,,,,,,"1",,,,,,,,,,,,,,,,,,,,,,
"Melissodes fimbriata","Apidae","1","1","1","1",,"1",,,"1",,,,,,,,,,,"1","1",,,,,,,,,,,,,,"1",,,"1",,,,"1",,"1",,,,,,"1",,,,"1","1",,,,,,,,,,,,,,,,,,,,,,,,,,,,,,,,,,"1",,,,,,,,,,,,,,,,,,,,
"Melissodes fumosa","Apidae",,,,,,"1",,,,,,"1",,,,,,,,,"1",,,,,,,,,,,,,"1",,,,,,,,,,,,,,,,,,,,,,,,,,,,,,,,,,,,,,,,,,,,,,,,,,,,,,,,,,,,,,,,,,,,,,,,,,,
"Melissodes nivea","Apidae","1","1","1",,,,,,"1",,,,,,,,,,,,"1",,,,,,,,,,,,,,,,,,,,,,,,,,,,,,,,,,,,,,,,,,,,,,,,,,,,,,,,,,,,,,,,,,,,,,,,,,,,,,,,,,,,,,,,
"Melissodes tincta","Apidae",,,,,,,,,"1",,,,,,,,,,,,"1",,,,,,,,,,,,,,,,,,,,,,,,,,,,,,,,,,,,,,,,,,,,,,,,,,,,,,,,,,,,,,,,,,,,,,,,,,,,,,,,,,,,,,,,
"Melissodes trinodis","Apidae","1",,,,,,,,,,,,,,,,,,,,"1",,,,,,,,,,,,,,,,,,,,,,,,,,,,,,,,,,,,,,,,,,,,,,,,,,,,,,,,,,,,,,,,,,,,,,,,,,,,,,,,,,,,,,,,
"Melitoma taurea","Apidae","1",,"1",,,,,,,,"1",,,,,,,,,,,,,,,,,,,,,,,,,,,,,,,"1",,"1",,,,,,,,,,,"1",,,,,,,,,,,,,,,,,,,,,,,,,,,,,"1",,,,,,,,,,"1",,,,,,,,,,,,,,,
"Nomada affabilis","Apidae",,,,,,"1",,"1","1",,"1","1",,,,,,,,,,,,,,,,,"1","1",,,"1","1",,,,,,,"1","1","1",,,,,,,,,,,"1","1","1",,,,,,,,,,,,,,,,,,,,,,,,,,,,,"1",,,,,,,,,,,,,,,,,,,,,,,,
"Nomada annulata","Apidae","1",,"1",,,,,,,,,"1",,,,,,,,,,,,,,,,,,,,"1","1","1",,,,"1",,,,"1","1",,,"1",,,,,,,,"1",,"1",,,,,"1",,,"1",,,,,,,,,,,,,,,,,,,,,,,,,,,,,,,,,,,,,,,,,,,,,
"Nomada armatella","Apidae",,,,"1",,,,,,,,,,,,,,,,,,,,,,,,,,,,,,,,,,,,,,,,,,,,,,,,,,,,,,,,,,,,,,,,,,,,,,,,,,,,,,,,,,,,,,,,,,,,,,,,,,,,,,,,,
"Nomada articulata","Apidae","1","1",,"1",,,,"1",,,,,,,,,,,,,,,,,,,"1",,"1",,,,,,"1",,,,,,,"1","1",,,,,,,,"1",,,"1",,,,,,,,,,,,,,,,,,,,,,,,,,,,,,,,,,,"1",,,,,,,,,,,,,,,,,,,,
"Nomada augustiana","Apidae",,,,"1",,,,,,,,,,,,,,,,,,,,,,,,,,,,,,,,,,,,,,,,,,,,,,,,,,,,,,,,,,,,,,,,,,,,,,,,,,,,,,,,,,,,,,,,,,,,,,,,,,,,,,,,,
"Nomada australis","Apidae",,,"1",,,,,,,,,,,,,,,,,,,,,,,,,,,,,,,,,,,,,,,,,,,,,,,,,,,,,,,,,,,,,,,,,,,,,,,,,,,,,,,,,,,,,,,,,,,,,,,,,,,,,,,,,,
"Nomada banksi","Apidae",,,,,,,"1",,,,"1",,,,,,,,,,,,,,,,,,,,,,,,,,,,,,,,,,,,,,,,,,,,,,,,,,,,,,,,,,,,,,,,,,,,,,,,,,,,,,,,,,,,,,,,,,,,,,,,,,
"Nomada besseyi","Apidae",,,,,,,,,,,,,,,,,,,,,,,,,,,,,,,,,,,,,,,,,,,,,,,,,,,,,,,,"1",,,,,,,,,,,,,,,,,,,,,,,,,,,,,,,,,,,,,,,,,,,,,,,,,,,,,
"Nomada cressonii","Apidae",,,,,,,,,,,,,,,,,,,,,,,,,,,,,,,,,,,,,,,,,,,,,,,,,,,,,,,,,,,,,,,,,,,,,,,,,,,,,,"1",,,,,,,,,,,"1",,,,,,,,,,,,,,,,,,,,
"Nomada cuneata","Apidae",,,"1",,,,,,,,,,,,,,,,,,,,,,,,"1",,,,,,,,,,,,,,,,,,,,,,,,,,,,,,,,,,,,,,,,,,,,,,,,,,,,,,,,,,,,,,,,,,,,,,,,,,,,,,,,,,
"Nomada denticulata","Apidae",,,"1",,,,,,,,,,,,,,,,,,,,,,,,,,,,,,,,,,,,,,,,,,,,,,"1","1",,,,,,,,,,,,,,,,,,,,,,,,,,,,,,,,,,,,,,,,,,,,,,,,,,,,,,,,,,,
"Nomada imbricata","Apidae",,"1","1",,,,,"1","1",,,"1",,,,,,,,,,,,,,,,,"1","1",,,,,"1",,,,,,"1",,,"1","1",,,,,,,,,"1",,,,,,,,,,,,,,,,,,,,,"1",,,,,,,,,,,,,,,,,,,,,,,,,,,,,,,,,,
"Nomada integerrima","Apidae",,,"1","1",,,,,,,,"1",,,,,,,,,,,,,,,,"1",,,,,,"1",,,,,,,,,,,,,,,,,,,,,,,,,,,,,,,,,,,,,,,,,,,,,,,,,,,,,,,,,,,,,,,,,,,,,,,,,,,
"Nomada lepida","Apidae",,,"1",,,,,,,,,"1",,,,,,,,,,,,,,,,,,"1",,,,"1",,,,,,,,"1",,,,,,,,,,,,"1",,,,,,,"1",,,,,,,,,,,,,,,,,,,,,,,,,,,,,,,,,,,,,,,,,,,,,,,,
"Nomada luteola","Apidae",,"1","1","1",,,,,,,,,,,,,,,,,,,,,,,,"1",,,,,,,,,,,,,,,,,,,,,"1",,,,,,,,,"1",,,,,,,,,,,,,,,,,,,,,,,,,,,,,,,,,,,,,,,,,,,,,,,,,,,
"Nomada luteoloides","Apidae",,"1","1","1",,,,,,,,,,,,,,,,,,,,,,,,,,,,,,,,,,,,,"1",,,,,,,,,,,,,,,,,,,,,,,,,,,,,,,,,,,,,,,,,,,,,,,,,,,,,,,,,,,,,,,,,,,,
"Nomada ovata","Apidae","1","1","1",,,,,"1",,,"1","1",,,,,,,,,"1",,,,,,"1","1","1","1",,,,,,,,,,,,"1",,,,,,,,"1",,,,,,,,,,,,,,,,,,,,,,,,,,,,,,,,,,,,,,,,,,,,,,,,,,,,,,,,,,,
"Nomada parva","Apidae",,,,,,,,,,,,,,,,,,,,,,"1",,,,,,,,,,,,,,,,,,,,,,,,,,,,,,,,,,,,,,,,,,,,,,,,,,,,,,,,,,,,,,,,,,,,,,,,,,,,,,,,,,,,,,,
"Nomada placida","Apidae",,,,,,,,,,,,,,,,,,,,,,,,,,,,,,,,,,"1",,,,,,,,,,,,,,,,,,,,,,,,,,,,,,,,,,,,,,,,,,,,,,,,,,,,,,,,,,,,,,,,,,,,,,,,,,,
"Nomada pygmaea","Apidae",,,,"1",,,"1",,,,,,,,,,,,,,,,,"1",,,,,,,,,,,,,,,,,,,,,,,,,,,,,,,,,,,,,,,,,,,,,,,,,,,,,,,,,,,,,,,,,,,,,,,,,,,,,,,,,,,,,
"Nomada rubicunda","Apidae",,,,,,,,,,,,"1",,,,,,,,,,,,,,,,,,,,,,,"1",,,,,,,,,,,,,,,,,,,,,,,,,,,,,,,,,,,,,,,,,,,,,,,,,,,,,,,,,,,,,,,,,,,,,,,,,,
"Nomada sayi","Apidae",,,,"1",,,,"1",,,,,,,,,,,,,,,,,,,"1",,,,,,,,,,,,,,,,,,,"1",,,,,,,,,,,,,,,,,,,,,,,,,,,,,,,,,,,,,,,,,,,,,,,,,,,,,,,,,,,,,,,
"Nomada seneciophila","Apidae","1","1",,,,,,"1","1",,,,,,,,,,,,,,,,,,,,"1","1",,,,,"1",,,,,,"1","1",,,,,,,,"1",,"1",,,,"1",,,,,,,,,,,,,,,,,,,,,,,,,,,,,,,,,,,,,,,,,,,,,,,,,,,,,
"Nomada subnigrocincta","Apidae",,,,,,,,,,,,,,,,,,,,,,,,,,,,,,,,,,,,,,,,,,,,,,,,,,,,,,"1",,,,,,,,,,,,,,,,,,,,,,,,,,,,,,,,,,,,,,,,,,,,,,,,,,,,,,,
"Nomada sulphurata","Apidae",,,,,,,,,,,,,,,,,,,,,,,,,,,"1",,,,,,,,,,,,,,,,,,,,,,"1",,,,,,,,,,,,,,,,,,,,,,,,,,,,,,,,,,,,,,,,,,,,,,,,,,,,,,,,,,,,
"Nomada texana","Apidae","1",,,,,,,,,,,,,,,,,,,,,,,,,,,,,,,,,,,,,,,,,,,,,,,,,,,,,,,,,,,,,,,,,,,,,,,,,,,,,,,,,,,,,,,,,,,,,,,,,,,,,,,,,,,,
"Nomada vegana","Apidae",,,,,,,,,,,,,,,,,,,,,,,,,,,,,,,,,,,,,,,,,,,,,,,,,,,,,"1",,,,,,,,,,,,,,,,,,,,,,,,,,,,,,,,,,,,,,,,,,,,,,,,,,,,,,,,
"Nomia maneei","Halictidae",,,,,,,,,,,,,,,,,,,,,,,,,,,,,,,,,,,,,,,,,,,"1",,,,,,,,,,,,,,,,,,,,,,,,,,,,,,,,,,,,,,,,,,,,,,,,,,,,,,,,,,,,,,,,,,
"Osmia albiventris","Megachilidae",,,"1",,,,,,,,,,,,,,,,,,"1",,,,,,,,,,,,,,"1",,,,"1",,,,,,,,,,,,,,,,,,,,,,,,,,,,,,,,,,,,,,,,,,,,,,,,,,,,,,,,,,,,,,,,,,,,,,
"Osmia atriventris","Megachilidae","1","1","1","1","1","1",,"1","1",,"1","1","1",,,"1",,"1",,,"1",,,"1",,,"1",,,"1",,,"1","1","1",,,,"1",,,"1","1","1",,"1",,,,"1",,,,"1",,,,,,,"1",,,"1",,,,,,,,,,,,,,,,,,,,,,,,,,,,,,,,,,,,,,,,,,,,,
"Osmia chalybea","Megachilidae",,,,,,,,,,,,,,,,,,,,,,,,"1",,,,,,,,,,,,,,,,,,,,,,,,,,,,,,,,,,,,,,,,,,,,,,,,,,,,,,,,,,,,,,,,,,,,,,,,,,,,,,,,,,,,,
"Osmia collinsiae","Megachilidae","1","1","1","1",,,,"1","1",,,,"1",,,,,,,,"1",,,"1",,,,"1",,"1",,,"1","1","1",,,,,,"1","1",,,,"1",,,,,,,,"1",,,,,,,"1","1",,,,,,,,,,,,,,,,,,,,,,,,,,,,,,,,,,,,,,,,,,,,,,,
"Osmia coloradensis","Megachilidae",,,,,,,,"1",,,,,,,,,,,,,,,,,,,"1",,,,,,,,,,,,,,,,,,,,,,,,,,,,,,,,,,,,,,,,,,,,,,,,,,,,,,,,,,,,,,,,,,,,,,,,,,,,,,,,,,
"Osmia conjuncta","Megachilidae","1","1","1","1",,,,,,,,"1",,,,,,,,,,,,,,,,,,"1","1",,,,"1","1",,,,,,,,,,,,,,,,"1","1",,,"1",,,,,"1",,,,,,,,,,,,,,,,,,,,,,,,,,,,,,,,,,,,,,,,,,,,,,,,
"Osmia cornifrons","Megachilidae",,,"1",,,,,,,,,,,,,,,,,,,,,,,,,,,,,,,,,,,,,,,,"1",,,,,,,,,,,,,,,,,,,,,,,,,,,,,,,,,,,,,,,,,,,,,,,,,,,,,,,,,,,,,,,,,,
"Osmia distincta","Megachilidae",,"1",,,,,,,,,,"1","1",,,,,,,,,,,,,,,,,,,,,,"1",,,,,,,"1",,,"1",,,,,,,,,"1",,,,,,,,,,,,,,,,,,,,,,,,,,,,,,,,,,,,,,,,,,,,,,,,,,,,,,,
"Osmia georgica","Megachilidae","1","1",,"1","1","1",,"1","1",,"1","1","1",,,,,"1",,"1",,,,"1",,,"1",,"1","1",,,"1","1","1",,,,"1",,"1","1","1","1","1","1",,,,"1",,"1","1",,"1","1",,,,,,,,,,,,,,,,,,,,,,,,,,,,,,,,,,,,,,,,,,,,,,,,,,,,,
"Osmia inspergens","Megachilidae",,"1",,,,,,,,,,"1",,,,,,,,,"1",,,,,,,,,"1",,,,,,,,,,,,"1",,,,,,,,"1",,,,,,,,,,,,,,,,,,,,,,,,,,,,,,,,,,,,,,,,,,,,,,,,,,,,,,,,,,,
"Osmia lignaria","Megachilidae",,"1",,,"1",,,,,,,"1","1",,,,,"1",,,,,,"1",,,,,,,,,,,,,,,"1",,,,,,,,"1",,,,,,,,,"1","1",,,,,,,,,,,,,,,,,,,,,,,,,,,,,,,,,,,,,,,,,,,,,,,,,,,,
"Osmia pumila","Megachilidae",,,"1","1","1","1",,"1","1",,"1","1",,,,"1",,"1",,,"1",,,"1",,,"1",,,"1",,"1","1","1","1","1","1",,"1",,"1","1",,,"1","1",,,,,,"1",,"1",,"1",,,,"1","1",,,"1",,"1",,,,,,,,,,,,,,,,,,,,,,,,,,,,,,,,,,,,,,,,,,,
"Osmia sandhouseae","Megachilidae","1","1","1","1","1","1",,"1","1",,"1","1","1",,,,,,,"1","1",,,,,,"1",,"1","1","1",,"1","1","1","1","1",,"1",,"1","1","1","1","1","1",,,,,,"1","1","1",,,,,,"1","1",,,,,,,,,,,,,,,,,,,,,,,"1",,,,,,,,,,,,,,,,,,,,,,,,,
"Osmia subfasciata","Megachilidae",,,,,,,,,,,,,,,,,,"1",,,,,,,,,,,,,,,,,,"1",,,,,,"1",,,,,,,,,,,,,,,,,,,,,,,,,,,,,,,,,,,,,,,,,,,,,,,,,,,,,,,,,,,,,,,,,,,
"Osmia taurus","Megachilidae",,,,,,,,,,,,,,,,,,,,,,,,"1","1","1",,,,,,,,,,,,,,,,,,,,,,,,,,,,,,,,,,,,,,,,,,,,,,,,,,,,,,,,,,,,,,,,,,,,,,,,,,,,,,,,,,,
"Panurginus atramontensis","Andrenidae",,,,,,,,,,,,,,,,,,,,,,,,,,,,,,"1",,,,,,,,,,,,,,,,,,,,,,,,,,,,,,,,,,,,,,,,,,,,,,,,,,,,,,,,,,,,,,,,,,,,,,,,,,,,,,,
"Panurginus potentillae","Andrenidae",,,,,,,,,,,,,,,,,,,,,,,,,,,,,,,"1",,,,,,,,,,,,,,,,,,,,,,,,,,,,,,,,,,,,,,,,,,,,,,,,,,,,,,,,,,,,,,,,,,,,,,,,,,,,,,
"Paranthidium jugatorium","Megachilidae","1","1",,,,,"1",,,,,,"1",,,,,,,,,,,,,,,,"1","1",,,,,,"1",,,,,,,"1",,,,,,,,,,,,,,,,,,,,,,,,,,,,,,,,,,,,,,,,,,,,,,,,,,,,,,,,,,,,,,,,,,
"Perdita boltoniae","Andrenidae",,,,,,,,,,,,,"1",,,,,,,,,,,,,,,,,,,,,,,,,,,,,"1",,,,,,,,,,,,,,,,,,,,,,,,,,,,,,,,,,,,,,,,,,,,,,,,,,,,,,,,,,,,,,,,,,,
"Perdita bradleyi","Andrenidae",,,,,,,,,,,,,,,,,,,,,,,,,,,,,,,,,,,,,,,,,,"1",,,,,,,,,,,,,,,,,,,,,,,,,,,,,,,,,,,,,,,,,,,,,,,,,,,,,,,,,,,,,,,,,,,
"Perdita georgica","Andrenidae",,,,,,,,,,,,,,,,,,,,,,,,,,,,,,,,,,,,,,,,,"1",,,,,,,,,,,,,,,,,,,,,,,,,,,,,,,,,,,,,,,,,,,,,,,,,,,,,,,,,,,,,,,,,,,,
"Perdita octomaculata","Andrenidae","1","1",,,,,,,,,,,,,,,,,,,,,,,,,,,,,,,,,,,,,,,,,,,,,,,,,,,,,,,,,,,,,,,,,,,,,,,,,,,,,,,,,,,,,,,,,,,,,,,,,,,,,,,,,,,
"Pseudopanurgus aestivalis","Andrenidae",,,,,,,,,,,,,"1",,,,,,,,,,,,,,,,,,,,,,,,,,,,,,,,,,,,,,,,,,,,,,,,,,,,,,,,,,,,,,,,,,,,,,,,,,,,,,,,,,,,,,,,,,,,,,,,
"Pseudopanurgus compositarum","Andrenidae",,,,"1",,,"1",,,,,"1","1",,,,,,,,"1",,,,,,,,,"1","1",,"1","1","1","1",,,,,"1",,,"1",,,,,,,,,"1",,,"1",,,,,,,,,,,,,,"1",,,,,,,,,,,,,,,,,,,,,,,,,,,,,,,,,,,,,,,
"Pseudopanurgus illinoiensis","Andrenidae",,,"1",,,,,,,,"1",,,,,,,,,,,,,,,,,,,,,,,,,,,,,,,,,,,,,,,,,,,,,,,,,,,,,,,,,,,,,,,,,,,,,,,,,,,,,,,,,,,,,,,,,,,,,,,,,,
"Pseudopanurgus passiflorae","Andrenidae",,,,,"1",,,,,,,,,,,,,,,,,,,,,,,,,,,,,,,,,,,,,,,,,,,,,,,,,,,,,,,,,,,,,,,,,,,,,,,,,,,,,,,,,,,,,,,,,,,,,,,,,,,,,,,,
"Pseudopanurgus pauper","Andrenidae","1","1","1",,,"1",,,,,,"1",,,,,,,,"1","1",,,,,,,,"1",,"1",,,,,,,,,,"1",,"1",,,,,"1",,,"1",,,,,,,,,,,,,,,,,,,,,,,,,,,,,,,,,,,,,,,,,,,,,,,,,,,,,,,,,,
"Pseudopanurgus rugosus","Andrenidae",,,,,,,,,,,,,,,,,,,,,"1",,,,,,,,,,,,,,,,,,,,,,,,,,,,,,,,,,,,,,,,,,,,,,,,,,,,,,,,,,,,,,,,,,,,,,,,,,,,,,,,,,,,,,,,
"Pseudopanurgus virginicus","Andrenidae",,,,,"1",,,,,,,,,,,,,,,,,,,,,,,,,,,,,,,,,"1",,,,,,,,,,,,,,,,,,,,,,,,,,,,,,,,,,,,,,,,,,,,,,,,,,,,,,,,,,,,,,,,,,,,,,,
"Ptilothrix bombiformis","Apidae","1",,"1","1",,,,,,,"1","1","1",,,,,"1","1",,,,,"1","1","1",,,,,,,,,,,,,,,,,,,,"1",,,,,,,"1",,,"1",,,,,,,,,,,,,"1",,,,,,,,,,,,,,,,,,,,,,"1",,,,,,"1",,,,"1",,,"1",,,,,
"Sphecodes antennariae","Halictidae",,,,,,,,,,,,,,,,,,,,,,,,,,,,,,,,,,,,,,,,,,,,,,,,,,,,"1",,,,,,,,,,,,,,,,,,,,,,,,,,,,,,,,,,,,,,,,,,,,,,,,,,,,,,,,,
"Sphecodes aroniae","Halictidae","1",,,,,,,,,,,"1",,,,,,,,,,,,,,,,,,,,,,,,,,,,,,,,"1",,,,,,,,,,,,,,,,,,,,,,,,,,,,,,,,,,,,,,,,,,,,,,,,,,,,,,,,,,,,,,,,,
"Sphecodes atlantis","Halictidae",,,,,,,,,,,,"1",,,,,,,,,,,,,,,,,,,,,,,,,,,,,,,,,,,,,,,,,,"1",,,,,,,,,,,,,,,,,,,,,,,,,,,,,,,,,,,,,,,,,,,,,,,,,,,,,,,
"Sphecodes banksii","Halictidae",,,,,,,,,,,,,,,,,,,,,,,,,,,,,,,,,,,,,,,,,,,,,,,,,,,,,,"1",,,,,,,,,,,,,,,,,,,,,,,,,,,,,,,,,,,,,,,,,,,,,,,,,,,,,,,
"Sphecodes brachycephalus","Halictidae",,,,,,,,,,,,,,,,,,,,,,,,,,,,,,,,,,,,,,"1",,,,,,,,,,,,,,,,,,,,,,,,,,,,,,,,,,,,,,,,,,,,,,,,,,,,,,,,,,,,,,,,,,,,,,,
"Sphecodes confertus","Halictidae",,,,"1",,,,,,,,"1",,,,,,,,,,,,,,,,,,,,,,,,,,,,,,,,,,,,,,,,,,,,,,,,,,,,,,,,,,,,"1",,,,,,,,,,,,,,,,,,,,,,,,,,,,,,,,,,,,,
"Sphecodes coronus","Halictidae",,,,,,,,,,,,,,,,,,,,,,,,,,,,,,,,,,,,,,,,,,,,,"1",,,,,,,,,,,,,,,,,,,,,,,,,,,,,,,,,,,,,,,,,,,,,,,,,,,,,,,,,,,,,,,,
"Sphecodes cressonii","Halictidae",,,,,,,,,,,,,,,,,,,,,,,,,,,,,,,,,,"1",,,,,,,,"1",,,,,,,,,,,,,,,,,,,,,,,,,,,,,,,,,,,,,,,,,,,,,,,,,,,,,,,,,,,,,,,,,,,
"Sphecodes dichrous","Halictidae",,,,,,,,,,,,,,,,,,,,,,,,,,,,,,,,,,,,,,,,,,,,,,,,,,,,,,,,"1",,,,,,,,,,,,,,,,,,,,,,,,,,,,,,,,,,,,,,,,,,,,,,,,,,,,,
"Sphecodes heraclei","Halictidae","1",,,,,,,,,,,,,,,,,,,,,,,,,,,,,,,,,,,"1",,,,,,,,,,,,,,,,,,,,,,,,,,,,,,,,,,,,,,,,,,,,,,,,,,,,,,,,,,,,,,,,,,,,,,,,,
"Sphecodes knetschi","Halictidae",,"1",,,,,,,,,,,,,,,,,,,,,,,,,,,,,,,,"1",,,,,,,,"1",,,,,,,,,,,,,,,,,,,,,,,,,,,,,,,,,,,,,,,,,,,,,,,,,,,,,,,,,,,,,,,,,,,
"Sphecodes minor","Halictidae","1",,,,,,,,,,,"1",,,,,,,,,,,,,,,,"1",,,,,,,,,,,,,,"1",,,,,,,,,"1",,,,,"1",,,,,,,,,,,,,,,,,,,,,,,,,,,,,,,,,,,,,,,,,,,,,,,,,,,,,
"Sphecodes pimpinellae","Halictidae",,,,,,,,,,,,,,,,,,,,,,,,,,,,,,,,,,,,,,,,,,"1",,,,,,,,,,,,,,,,,,,,,,,,,,,,,,,,,,,,,,,,,,,,,,,,,,,,,,,,,,,,,,,,,,,
"Sphecodes stygius","Halictidae",,,,,,,,,,,,"1",,,,,,,,,,,,,,,,,,,,,,,,,,,,,,,,,,,,,,,,,,"1",,,,,,,,,,,,,,"1",,,,,,,,,,,,,,,,,,,,,,,,,,,,,,,,,,,,,,,,,
"Stelis diversicolor","Megachilidae",,,,,,,,"1",,,,,,,,,,,,,,,,,,,,,,,,,,,,,,,,,,,,,,,,,,,,,,,,,,,,,,,,,,,,,,,,,,,,,,,,,,,,,,,,,,,,,,,,,,,,,,,,,,,,,
"Stelis foederalis","Megachilidae","1",,,,,,,,,,,,,,,,,,,,,,,,,,,,,,,,,,,,,,,,,,,,,,,,,,,,,,,,,,,,,,,,,,,,,,,,,,,,,,,,,,,,,,,,,,,,,,,,,,,,,,,,,,,,
"Stelis labiata","Megachilidae",,,,,,,,"1",,,,,,,,,,,,,,,,,"1",,,,,"1",,,,,,,,,,,,,,,,,,,,,,,,,,,,,,,,,,,,,,,,,,,,,,,,,,,,,,,,,,,,,,,,,,,,,,,,,,,,,,,
"Stelis lateralis","Megachilidae",,,,,,,,,,,,"1",,,,,,,,,,,,,,,,,"1","1",,,,,,,,,,,"1",,,,,,,,,,,,,,,,,,,,"1",,,,,"1",,,,,,,,,,,,,,,,,,,,,,,,,,,,,,,,,,,,,,,,,,,
"Stelis louisae","Megachilidae",,,,,,,,,,,,,,,,,,"1",,,,,,"1","1","1",,,,,,,,,,,,,,,,,,,,,,,,,,,,,,,,,,,,,"1",,,,,,,,,,,,,,,,,,,,,,,,,,,,,,,,,,,,,,,,,,,,,,
"Svastra atripes","Apidae",,,,,,,,,,,,,,,,,,,,,,,,,,,,,,,,,,,,,,,,,,,,,,,,,,,,,,,,"1",,,,,,,,,,,,,,,,,,,,,,,,,,,,,,,,,,,,,,,,,,,,,,,,"1",,,,,
"Svastra compta","Apidae",,,,,,,,,,,,,,,,,,"1",,,,,,,,,,,,,,,,,,,,,,,,,,,,,,,,,,,,,,,,,,,,,,,,,,,,,,,,,,,,,,,,,,,,,,,,,,,,,,,,,,,,,,,,,,,
"Svastra obliqua","Apidae","1","1",,"1",,"1",,,,,"1","1","1",,,,,"1","1",,"1",,,"1","1","1",,,,,,"1",,"1","1",,,"1",,,,,,,,,,,,,,,,,,,,,,,,,,,,,,,,,"1",,,,,,,,,,,,,,,,,,,,"1","1",,,,,,"1",,,,,,,,,,,
"Svastra petulca","Apidae",,,,,,,,,,,,,,,,,,"1",,,,,,"1","1",,,,,,,,,"1",,,,,,,,,,,,,,,,,,,,,,,,,,,,,,,,,,,,,,,,,,,,,,,,,,,"1",,,,,,,,,,,,,,,,,,,,,,,,
"Trachusa dorsalis","Megachilidae",,,"1",,,,,,,,"1",,,,,,,,,,,,,,,,,,,,,,,,,,,,,,,,,,,,,,,,,,,,,,,,,,,,,,,,,,,,,,,,,,,,,,,,,,,,,,,,,,,,,,,,,,,,,,,,,,
"Triepeolus concavus","Apidae",,,,,,,,,"1",,,,,,,,,,,,,,,,,,,,,,,,"1",,,,,,,,,,,,,,,,,,,,,,,,,,,,,,,,,,,,,,,,,,,,,,,,,,,,,,,,,,,,,,,,,,,,,,,,,,,,
"Triepeolus cressonii","Apidae","1",,,,,,,,,,,,,,,,,,,,,,,,,,,,,,,,,,,,,,,,,,,,,,,,,,,,,,,,,,,,,,,,,,,,,,,,,,,,,,,,,,,,,,,,,,,,,,,,,,,,,,,,,,,,
"Triepeolus donatus","Apidae","1","1","1",,,,,,,,,,,,,,,,,,"1",,,,,,,,"1",,,,,,,,,,,,,,,,,,,,,,,,,,,,,,,,,,,,,,,,,,,"1",,,,,,,,,,,,,,,,,,,,,,,,,,,,,,,,,,,,,
"Triepeolus georgicus","Apidae",,,,,,,,,,,,,,,,,,,,,,,,,,,,,,,,,,,,,,,,,,,,,,,,,,,,,,,,,,,,,,,,,,,,,,,,,,"1",,,,,,,,,,,,,,,,,,,,,,,,,,,,,,,,,,,
"Triepeolus lunatus","Apidae","1","1",,,"1","1",,,,,,,,,,,,,,,,,,,,,"1","1",,,,"1",,,,,,,,,,,,,,,,,,,,,,,,,,,"1",,,,,,,,,,,,,"1",,,,,,,,,,,,,,,,"1",,,,,,,,,,,"1",,,,,,,,,,
"Triepeolus pectoralis","Apidae","1","1",,"1",,,,,,,,"1","1",,,,,,,,"1",,,,,,"1",,,,"1",,,,"1",,,"1",,,,,,,,,,,,"1",,,"1",,,"1",,,,,,,,,,,,,,,,,,"1",,,,,,,,,,,,,,,,,,,,,,,,,"1",,,,,,,,,,
"Triepeolus remigatus","Apidae","1","1","1",,,"1",,,,,"1","1",,,,,,,,"1",,,,,,,,,,,,,,,,,,,,,,,,,,,,,,,,,,,,,,,,,,,,,,,,,,,,,,,,,,,,,,,,,"1",,"1",,,,,"1",,,,,,,,,,,,,,,,,
"Triepeolus simplex","Apidae",,,,,,,,,,,,,,,,,,,,,,,,,,,,,,,,"1",,,,,,,,,,,,,,,,,,,,,,,,,,,,,,,,,,,,,,,,,,,,,,,,,,,,,,,,,,,,,,,,,,,,,,,,,,,,,
"Xenoglossa kansensis","Apidae",,,,,,,,"1",,,,,,,,,,,,"1",,,,,,,,,,,,,,,,,,,,,,,,,,,,,,,,,,,,,,,,,,,,,,,,,"1",,,,,,,,,,,,,,,,,,,,,,,,,,,,,,,,,,,,,,,,
"Xenoglossa strenua","Apidae",,"1","1",,,,,"1",,,,,,,,,,,,,,,,,,,,,,,,,,,,,,,,,,,,,,,,,,,,,,,,,,,,,,,,,,,,,,,,,,,"1",,,,,,,,,,,,,,,,,,,,,,,,,,,,,,,,,,
"Xylocopa micans","Apidae",,,,,,,,,,,,"1",,,,,,,,,,,,,,,,,,,,,"1",,"1",,,,,,,,,,,,,,,,,,,,,,,,,,,,,,,,,,,,,,,,,,,,,,,,,,,,,,,,,,,,,,,,,,,,,,,,,,
"Xylocopa virginica","Apidae","1",,,,,,,,,"1",,,"1","1",,,,"1","1",,,,"1","1","1","1",,"1",,,,,,"1",,,,"1",,"1",,"1",,,,"1","1",,,,,,"1",,,,,,,,,,"1","1",,,,,,"1","1",,,,"1",,,,"1",,"1","1",,"1",,,,,,"1",,,,"1",,,,,,,"1",,,,,"1","1",,"1"
